iteration: 500, loss: 0.0159, scmap loss: 0.0124, locref loss: 0.0007, limb loss: 0.0028, lr: 0.0001
iteration: 1000, loss: 0.0053, scmap loss: 0.0050, locref loss: 0.0001, limb loss: 0.0002, lr: 0.0001
iteration: 1500, loss: 0.0048, scmap loss: 0.0046, locref loss: 0.0000, limb loss: 0.0001, lr: 0.0001
iteration: 2000, loss: 0.0048, scmap loss: 0.0046, locref loss: 0.0000, limb loss: 0.0001, lr: 0.0001
iteration: 2500, loss: 0.0042, scmap loss: 0.0040, locref loss: 0.0000, limb loss: 0.0001, lr: 0.0001
iteration: 3000, loss: 0.0040, scmap loss: 0.0038, locref loss: 0.0000, limb loss: 0.0001, lr: 0.0001
iteration: 3500, loss: 0.0042, scmap loss: 0.0041, locref loss: 0.0000, limb loss: 0.0001, lr: 0.0001
iteration: 4000, loss: 0.0037, scmap loss: 0.0035, locref loss: 0.0000, limb loss: 0.0001, lr: 0.0001
iteration: 4500, loss: 0.0037, scmap loss: 0.0036, locref loss: 0.0000, limb loss: 0.0001, lr: 0.0001
iteration: 5000, loss: 0.0039, scmap loss: 0.0038, locref loss: 0.0000, limb loss: 0.0001, lr: 0.0001
iteration: 5500, loss: 0.0035, scmap loss: 0.0033, locref loss: 0.0000, limb loss: 0.0001, lr: 0.0001
iteration: 6000, loss: 0.0032, scmap loss: 0.0031, locref loss: 0.0000, limb loss: 0.0001, lr: 0.0001
iteration: 6500, loss: 0.0033, scmap loss: 0.0032, locref loss: 0.0000, limb loss: 0.0001, lr: 0.0001
iteration: 7000, loss: 0.0031, scmap loss: 0.0030, locref loss: 0.0000, limb loss: 0.0001, lr: 0.0001
iteration: 7500, loss: 0.0032, scmap loss: 0.0031, locref loss: 0.0000, limb loss: 0.0001, lr: 0.0001
iteration: 8000, loss: 0.0030, scmap loss: 0.0029, locref loss: 0.0000, limb loss: 0.0001, lr: 5e-05
iteration: 8500, loss: 0.0028, scmap loss: 0.0027, locref loss: 0.0000, limb loss: 0.0001, lr: 5e-05
iteration: 9000, loss: 0.0028, scmap loss: 0.0027, locref loss: 0.0000, limb loss: 0.0001, lr: 5e-05
iteration: 9500, loss: 0.0028, scmap loss: 0.0027, locref loss: 0.0000, limb loss: 0.0001, lr: 5e-05
iteration: 10000, loss: 0.0027, scmap loss: 0.0026, locref loss: 0.0000, limb loss: 0.0001, lr: 5e-05
iteration: 10500, loss: 0.0026, scmap loss: 0.0025, locref loss: 0.0000, limb loss: 0.0001, lr: 5e-05
iteration: 11000, loss: 0.0027, scmap loss: 0.0026, locref loss: 0.0000, limb loss: 0.0001, lr: 5e-05
iteration: 11500, loss: 0.0027, scmap loss: 0.0026, locref loss: 0.0000, limb loss: 0.0001, lr: 5e-05
iteration: 12000, loss: 0.0026, scmap loss: 0.0025, locref loss: 0.0000, limb loss: 0.0001, lr: 5e-05
iteration: 12500, loss: 0.0024, scmap loss: 0.0023, locref loss: 0.0000, limb loss: 0.0001, lr: 1e-05
iteration: 13000, loss: 0.0021, scmap loss: 0.0021, locref loss: 0.0000, limb loss: 0.0001, lr: 1e-05
iteration: 13500, loss: 0.0024, scmap loss: 0.0024, locref loss: 0.0000, limb loss: 0.0001, lr: 1e-05
iteration: 14000, loss: 0.0025, scmap loss: 0.0024, locref loss: 0.0000, limb loss: 0.0001, lr: 1e-05
iteration: 14500, loss: 0.0023, scmap loss: 0.0022, locref loss: 0.0000, limb loss: 0.0001, lr: 1e-05
iteration: 15000, loss: 0.0023, scmap loss: 0.0022, locref loss: 0.0000, limb loss: 0.0001, lr: 1e-05
iteration: 15500, loss: 0.0024, scmap loss: 0.0023, locref loss: 0.0000, limb loss: 0.0001, lr: 1e-05
iteration: 16000, loss: 0.0023, scmap loss: 0.0022, locref loss: 0.0000, limb loss: 0.0001, lr: 1e-05
iteration: 16500, loss: 0.0021, scmap loss: 0.0021, locref loss: 0.0000, limb loss: 0.0001, lr: 1e-05
iteration: 17000, loss: 0.0023, scmap loss: 0.0022, locref loss: 0.0000, limb loss: 0.0001, lr: 1e-05
iteration: 17500, loss: 0.0022, scmap loss: 0.0021, locref loss: 0.0000, limb loss: 0.0001, lr: 1e-05
iteration: 18000, loss: 0.0023, scmap loss: 0.0022, locref loss: 0.0000, limb loss: 0.0001, lr: 1e-05
iteration: 18500, loss: 0.0021, scmap loss: 0.0020, locref loss: 0.0000, limb loss: 0.0001, lr: 1e-05
iteration: 19000, loss: 0.0022, scmap loss: 0.0021, locref loss: 0.0000, limb loss: 0.0001, lr: 1e-05
iteration: 19500, loss: 0.0023, scmap loss: 0.0022, locref loss: 0.0000, limb loss: 0.0001, lr: 1e-05
iteration: 20000, loss: 0.0022, scmap loss: 0.0021, locref loss: 0.0000, limb loss: 0.0001, lr: 1e-05
iteration: 20500, loss: 0.0022, scmap loss: 0.0022, locref loss: 0.0000, limb loss: 0.0001, lr: 1e-05
iteration: 21000, loss: 0.0021, scmap loss: 0.0021, locref loss: 0.0000, limb loss: 0.0001, lr: 1e-05
iteration: 21500, loss: 0.0022, scmap loss: 0.0021, locref loss: 0.0000, limb loss: 0.0001, lr: 1e-05
iteration: 22000, loss: 0.0022, scmap loss: 0.0021, locref loss: 0.0000, limb loss: 0.0001, lr: 1e-05
iteration: 22500, loss: 0.0022, scmap loss: 0.0022, locref loss: 0.0000, limb loss: 0.0001, lr: 1e-05
iteration: 23000, loss: 0.0021, scmap loss: 0.0020, locref loss: 0.0000, limb loss: 0.0001, lr: 1e-05
iteration: 23500, loss: 0.0020, scmap loss: 0.0020, locref loss: 0.0000, limb loss: 0.0000, lr: 1e-05
iteration: 24000, loss: 0.0021, scmap loss: 0.0020, locref loss: 0.0000, limb loss: 0.0001, lr: 1e-05
iteration: 24500, loss: 0.0021, scmap loss: 0.0020, locref loss: 0.0000, limb loss: 0.0001, lr: 1e-05
iteration: 25000, loss: 0.0020, scmap loss: 0.0020, locref loss: 0.0000, limb loss: 0.0001, lr: 1e-05
iteration: 25500, loss: 0.0022, scmap loss: 0.0021, locref loss: 0.0000, limb loss: 0.0001, lr: 1e-05
iteration: 26000, loss: 0.0020, scmap loss: 0.0020, locref loss: 0.0000, limb loss: 0.0001, lr: 1e-05
iteration: 26500, loss: 0.0021, scmap loss: 0.0020, locref loss: 0.0000, limb loss: 0.0001, lr: 1e-05
iteration: 27000, loss: 0.0021, scmap loss: 0.0020, locref loss: 0.0000, limb loss: 0.0001, lr: 1e-05
iteration: 27500, loss: 0.0020, scmap loss: 0.0020, locref loss: 0.0000, limb loss: 0.0000, lr: 1e-05
iteration: 28000, loss: 0.0021, scmap loss: 0.0020, locref loss: 0.0000, limb loss: 0.0001, lr: 1e-05
iteration: 28500, loss: 0.0022, scmap loss: 0.0021, locref loss: 0.0000, limb loss: 0.0001, lr: 1e-05
iteration: 29000, loss: 0.0020, scmap loss: 0.0019, locref loss: 0.0000, limb loss: 0.0001, lr: 1e-05
iteration: 29500, loss: 0.0021, scmap loss: 0.0020, locref loss: 0.0000, limb loss: 0.0000, lr: 1e-05
iteration: 30000, loss: 0.0019, scmap loss: 0.0019, locref loss: 0.0000, limb loss: 0.0000, lr: 1e-05
iteration: 30500, loss: 0.0019, scmap loss: 0.0019, locref loss: 0.0000, limb loss: 0.0000, lr: 1e-05
iteration: 31000, loss: 0.0019, scmap loss: 0.0019, locref loss: 0.0000, limb loss: 0.0000, lr: 1e-05
iteration: 31500, loss: 0.0020, scmap loss: 0.0019, locref loss: 0.0000, limb loss: 0.0001, lr: 1e-05
iteration: 32000, loss: 0.0020, scmap loss: 0.0020, locref loss: 0.0000, limb loss: 0.0000, lr: 1e-05
iteration: 32500, loss: 0.0019, scmap loss: 0.0018, locref loss: 0.0000, limb loss: 0.0000, lr: 1e-05
iteration: 33000, loss: 0.0019, scmap loss: 0.0018, locref loss: 0.0000, limb loss: 0.0000, lr: 1e-05
iteration: 33500, loss: 0.0019, scmap loss: 0.0019, locref loss: 0.0000, limb loss: 0.0000, lr: 1e-05
iteration: 34000, loss: 0.0019, scmap loss: 0.0018, locref loss: 0.0000, limb loss: 0.0000, lr: 1e-05
iteration: 34500, loss: 0.0019, scmap loss: 0.0018, locref loss: 0.0000, limb loss: 0.0000, lr: 1e-05
iteration: 35000, loss: 0.0019, scmap loss: 0.0018, locref loss: 0.0000, limb loss: 0.0000, lr: 1e-05
iteration: 35500, loss: 0.0020, scmap loss: 0.0019, locref loss: 0.0000, limb loss: 0.0000, lr: 1e-05
iteration: 36000, loss: 0.0019, scmap loss: 0.0018, locref loss: 0.0000, limb loss: 0.0000, lr: 1e-05
iteration: 36500, loss: 0.0020, scmap loss: 0.0019, locref loss: 0.0000, limb loss: 0.0000, lr: 1e-05
iteration: 37000, loss: 0.0019, scmap loss: 0.0018, locref loss: 0.0000, limb loss: 0.0000, lr: 1e-05
iteration: 37500, loss: 0.0020, scmap loss: 0.0019, locref loss: 0.0000, limb loss: 0.0000, lr: 1e-05
iteration: 38000, loss: 0.0017, scmap loss: 0.0017, locref loss: 0.0000, limb loss: 0.0000, lr: 1e-05
iteration: 38500, loss: 0.0019, scmap loss: 0.0018, locref loss: 0.0000, limb loss: 0.0000, lr: 1e-05
iteration: 39000, loss: 0.0019, scmap loss: 0.0018, locref loss: 0.0000, limb loss: 0.0000, lr: 1e-05
iteration: 39500, loss: 0.0018, scmap loss: 0.0017, locref loss: 0.0000, limb loss: 0.0000, lr: 1e-05
iteration: 40000, loss: 0.0019, scmap loss: 0.0018, locref loss: 0.0000, limb loss: 0.0000, lr: 1e-05
iteration: 40500, loss: 0.0020, scmap loss: 0.0019, locref loss: 0.0000, limb loss: 0.0000, lr: 1e-05
iteration: 41000, loss: 0.0019, scmap loss: 0.0018, locref loss: 0.0000, limb loss: 0.0000, lr: 1e-05
iteration: 41500, loss: 0.0019, scmap loss: 0.0019, locref loss: 0.0000, limb loss: 0.0000, lr: 1e-05
iteration: 42000, loss: 0.0019, scmap loss: 0.0018, locref loss: 0.0000, limb loss: 0.0000, lr: 1e-05
iteration: 42500, loss: 0.0018, scmap loss: 0.0018, locref loss: 0.0000, limb loss: 0.0000, lr: 1e-05
iteration: 43000, loss: 0.0019, scmap loss: 0.0018, locref loss: 0.0000, limb loss: 0.0000, lr: 1e-05
iteration: 43500, loss: 0.0018, scmap loss: 0.0017, locref loss: 0.0000, limb loss: 0.0000, lr: 1e-05
iteration: 44000, loss: 0.0018, scmap loss: 0.0017, locref loss: 0.0000, limb loss: 0.0000, lr: 1e-05
iteration: 44500, loss: 0.0017, scmap loss: 0.0017, locref loss: 0.0000, limb loss: 0.0000, lr: 1e-05
iteration: 45000, loss: 0.0018, scmap loss: 0.0017, locref loss: 0.0000, limb loss: 0.0000, lr: 1e-05
iteration: 45500, loss: 0.0018, scmap loss: 0.0018, locref loss: 0.0000, limb loss: 0.0000, lr: 1e-05
iteration: 46000, loss: 0.0018, scmap loss: 0.0017, locref loss: 0.0000, limb loss: 0.0000, lr: 1e-05
iteration: 46500, loss: 0.0018, scmap loss: 0.0017, locref loss: 0.0000, limb loss: 0.0000, lr: 1e-05
iteration: 47000, loss: 0.0017, scmap loss: 0.0017, locref loss: 0.0000, limb loss: 0.0000, lr: 1e-05
iteration: 47500, loss: 0.0018, scmap loss: 0.0017, locref loss: 0.0000, limb loss: 0.0000, lr: 1e-05
iteration: 48000, loss: 0.0017, scmap loss: 0.0016, locref loss: 0.0000, limb loss: 0.0000, lr: 1e-05
iteration: 48500, loss: 0.0018, scmap loss: 0.0018, locref loss: 0.0000, limb loss: 0.0000, lr: 1e-05
iteration: 49000, loss: 0.0017, scmap loss: 0.0017, locref loss: 0.0000, limb loss: 0.0000, lr: 1e-05
iteration: 49500, loss: 0.0018, scmap loss: 0.0017, locref loss: 0.0000, limb loss: 0.0000, lr: 1e-05
iteration: 50000, loss: 0.0018, scmap loss: 0.0017, locref loss: 0.0000, limb loss: 0.0000, lr: 1e-05
iteration: 50500, loss: 0.0017, scmap loss: 0.0017, locref loss: 0.0000, limb loss: 0.0000, lr: 1e-05
iteration: 51000, loss: 0.0017, scmap loss: 0.0017, locref loss: 0.0000, limb loss: 0.0000, lr: 1e-05
iteration: 51500, loss: 0.0017, scmap loss: 0.0016, locref loss: 0.0000, limb loss: 0.0000, lr: 1e-05
iteration: 52000, loss: 0.0019, scmap loss: 0.0018, locref loss: 0.0000, limb loss: 0.0000, lr: 1e-05
iteration: 52500, loss: 0.0017, scmap loss: 0.0017, locref loss: 0.0000, limb loss: 0.0000, lr: 1e-05
iteration: 53000, loss: 0.0018, scmap loss: 0.0017, locref loss: 0.0000, limb loss: 0.0000, lr: 1e-05
iteration: 53500, loss: 0.0017, scmap loss: 0.0016, locref loss: 0.0000, limb loss: 0.0000, lr: 1e-05
iteration: 54000, loss: 0.0017, scmap loss: 0.0017, locref loss: 0.0000, limb loss: 0.0000, lr: 1e-05
iteration: 54500, loss: 0.0018, scmap loss: 0.0017, locref loss: 0.0000, limb loss: 0.0000, lr: 1e-05
iteration: 55000, loss: 0.0017, scmap loss: 0.0016, locref loss: 0.0000, limb loss: 0.0000, lr: 1e-05
iteration: 55500, loss: 0.0017, scmap loss: 0.0016, locref loss: 0.0000, limb loss: 0.0000, lr: 1e-05
iteration: 56000, loss: 0.0018, scmap loss: 0.0018, locref loss: 0.0000, limb loss: 0.0000, lr: 1e-05
iteration: 56500, loss: 0.0016, scmap loss: 0.0016, locref loss: 0.0000, limb loss: 0.0000, lr: 1e-05
iteration: 57000, loss: 0.0017, scmap loss: 0.0016, locref loss: 0.0000, limb loss: 0.0000, lr: 1e-05
iteration: 57500, loss: 0.0018, scmap loss: 0.0017, locref loss: 0.0000, limb loss: 0.0000, lr: 1e-05
iteration: 58000, loss: 0.0017, scmap loss: 0.0017, locref loss: 0.0000, limb loss: 0.0000, lr: 1e-05
iteration: 58500, loss: 0.0016, scmap loss: 0.0015, locref loss: 0.0000, limb loss: 0.0000, lr: 1e-05
iteration: 59000, loss: 0.0016, scmap loss: 0.0016, locref loss: 0.0000, limb loss: 0.0000, lr: 1e-05
iteration: 59500, loss: 0.0017, scmap loss: 0.0016, locref loss: 0.0000, limb loss: 0.0000, lr: 1e-05
iteration: 60000, loss: 0.0018, scmap loss: 0.0017, locref loss: 0.0000, limb loss: 0.0000, lr: 1e-05
iteration: 60500, loss: 0.0017, scmap loss: 0.0017, locref loss: 0.0000, limb loss: 0.0000, lr: 1e-05
iteration: 61000, loss: 0.0017, scmap loss: 0.0016, locref loss: 0.0000, limb loss: 0.0000, lr: 1e-05
iteration: 61500, loss: 0.0017, scmap loss: 0.0016, locref loss: 0.0000, limb loss: 0.0000, lr: 1e-05
iteration: 62000, loss: 0.0018, scmap loss: 0.0017, locref loss: 0.0000, limb loss: 0.0000, lr: 1e-05
iteration: 62500, loss: 0.0017, scmap loss: 0.0016, locref loss: 0.0000, limb loss: 0.0000, lr: 1e-05
iteration: 63000, loss: 0.0017, scmap loss: 0.0016, locref loss: 0.0000, limb loss: 0.0000, lr: 1e-05
iteration: 63500, loss: 0.0016, scmap loss: 0.0015, locref loss: 0.0000, limb loss: 0.0000, lr: 1e-05
iteration: 64000, loss: 0.0016, scmap loss: 0.0016, locref loss: 0.0000, limb loss: 0.0000, lr: 1e-05
iteration: 64500, loss: 0.0017, scmap loss: 0.0016, locref loss: 0.0000, limb loss: 0.0000, lr: 1e-05
iteration: 65000, loss: 0.0016, scmap loss: 0.0015, locref loss: 0.0000, limb loss: 0.0000, lr: 1e-05
iteration: 65500, loss: 0.0016, scmap loss: 0.0016, locref loss: 0.0000, limb loss: 0.0000, lr: 1e-05
iteration: 66000, loss: 0.0016, scmap loss: 0.0015, locref loss: 0.0000, limb loss: 0.0000, lr: 1e-05
iteration: 66500, loss: 0.0016, scmap loss: 0.0015, locref loss: 0.0000, limb loss: 0.0000, lr: 1e-05
iteration: 67000, loss: 0.0016, scmap loss: 0.0016, locref loss: 0.0000, limb loss: 0.0000, lr: 1e-05
iteration: 67500, loss: 0.0016, scmap loss: 0.0016, locref loss: 0.0000, limb loss: 0.0000, lr: 1e-05
iteration: 68000, loss: 0.0017, scmap loss: 0.0016, locref loss: 0.0000, limb loss: 0.0000, lr: 1e-05
iteration: 68500, loss: 0.0017, scmap loss: 0.0016, locref loss: 0.0000, limb loss: 0.0000, lr: 1e-05
iteration: 69000, loss: 0.0016, scmap loss: 0.0015, locref loss: 0.0000, limb loss: 0.0000, lr: 1e-05
iteration: 69500, loss: 0.0016, scmap loss: 0.0015, locref loss: 0.0000, limb loss: 0.0000, lr: 1e-05
iteration: 70000, loss: 0.0017, scmap loss: 0.0017, locref loss: 0.0000, limb loss: 0.0000, lr: 1e-05
iteration: 70500, loss: 0.0016, scmap loss: 0.0015, locref loss: 0.0000, limb loss: 0.0000, lr: 1e-05
iteration: 71000, loss: 0.0016, scmap loss: 0.0016, locref loss: 0.0000, limb loss: 0.0000, lr: 1e-05
iteration: 71500, loss: 0.0016, scmap loss: 0.0016, locref loss: 0.0000, limb loss: 0.0000, lr: 1e-05
iteration: 72000, loss: 0.0016, scmap loss: 0.0016, locref loss: 0.0000, limb loss: 0.0000, lr: 1e-05
iteration: 72500, loss: 0.0015, scmap loss: 0.0015, locref loss: 0.0000, limb loss: 0.0000, lr: 1e-05
iteration: 73000, loss: 0.0016, scmap loss: 0.0015, locref loss: 0.0000, limb loss: 0.0000, lr: 1e-05
iteration: 73500, loss: 0.0016, scmap loss: 0.0015, locref loss: 0.0000, limb loss: 0.0000, lr: 1e-05
iteration: 74000, loss: 0.0016, scmap loss: 0.0016, locref loss: 0.0000, limb loss: 0.0000, lr: 1e-05
iteration: 74500, loss: 0.0016, scmap loss: 0.0015, locref loss: 0.0000, limb loss: 0.0000, lr: 1e-05
iteration: 75000, loss: 0.0015, scmap loss: 0.0015, locref loss: 0.0000, limb loss: 0.0000, lr: 1e-05
iteration: 75500, loss: 0.0017, scmap loss: 0.0016, locref loss: 0.0000, limb loss: 0.0000, lr: 1e-05
iteration: 76000, loss: 0.0016, scmap loss: 0.0015, locref loss: 0.0000, limb loss: 0.0000, lr: 1e-05
iteration: 76500, loss: 0.0016, scmap loss: 0.0015, locref loss: 0.0000, limb loss: 0.0000, lr: 1e-05
iteration: 77000, loss: 0.0016, scmap loss: 0.0015, locref loss: 0.0000, limb loss: 0.0000, lr: 1e-05
iteration: 77500, loss: 0.0016, scmap loss: 0.0015, locref loss: 0.0000, limb loss: 0.0000, lr: 1e-05
iteration: 78000, loss: 0.0016, scmap loss: 0.0015, locref loss: 0.0000, limb loss: 0.0000, lr: 1e-05
iteration: 78500, loss: 0.0016, scmap loss: 0.0015, locref loss: 0.0000, limb loss: 0.0000, lr: 1e-05
iteration: 79000, loss: 0.0015, scmap loss: 0.0015, locref loss: 0.0000, limb loss: 0.0000, lr: 1e-05
iteration: 79500, loss: 0.0014, scmap loss: 0.0014, locref loss: 0.0000, limb loss: 0.0000, lr: 1e-05
iteration: 80000, loss: 0.0016, scmap loss: 0.0016, locref loss: 0.0000, limb loss: 0.0000, lr: 1e-05
iteration: 80500, loss: 0.0016, scmap loss: 0.0015, locref loss: 0.0000, limb loss: 0.0000, lr: 1e-05
iteration: 81000, loss: 0.0016, scmap loss: 0.0015, locref loss: 0.0000, limb loss: 0.0000, lr: 1e-05
iteration: 81500, loss: 0.0016, scmap loss: 0.0015, locref loss: 0.0000, limb loss: 0.0000, lr: 1e-05
iteration: 82000, loss: 0.0016, scmap loss: 0.0015, locref loss: 0.0000, limb loss: 0.0000, lr: 1e-05
iteration: 82500, loss: 0.0015, scmap loss: 0.0015, locref loss: 0.0000, limb loss: 0.0000, lr: 1e-05
iteration: 83000, loss: 0.0015, scmap loss: 0.0015, locref loss: 0.0000, limb loss: 0.0000, lr: 1e-05
iteration: 83500, loss: 0.0015, scmap loss: 0.0015, locref loss: 0.0000, limb loss: 0.0000, lr: 1e-05
iteration: 84000, loss: 0.0016, scmap loss: 0.0015, locref loss: 0.0000, limb loss: 0.0000, lr: 1e-05
iteration: 84500, loss: 0.0016, scmap loss: 0.0015, locref loss: 0.0000, limb loss: 0.0000, lr: 1e-05
iteration: 85000, loss: 0.0016, scmap loss: 0.0015, locref loss: 0.0000, limb loss: 0.0000, lr: 1e-05
iteration: 85500, loss: 0.0015, scmap loss: 0.0015, locref loss: 0.0000, limb loss: 0.0000, lr: 1e-05
iteration: 86000, loss: 0.0015, scmap loss: 0.0014, locref loss: 0.0000, limb loss: 0.0000, lr: 1e-05
iteration: 86500, loss: 0.0016, scmap loss: 0.0015, locref loss: 0.0000, limb loss: 0.0000, lr: 1e-05
iteration: 87000, loss: 0.0015, scmap loss: 0.0015, locref loss: 0.0000, limb loss: 0.0000, lr: 1e-05
iteration: 87500, loss: 0.0015, scmap loss: 0.0014, locref loss: 0.0000, limb loss: 0.0000, lr: 1e-05
iteration: 88000, loss: 0.0014, scmap loss: 0.0014, locref loss: 0.0000, limb loss: 0.0000, lr: 1e-05
iteration: 88500, loss: 0.0014, scmap loss: 0.0014, locref loss: 0.0000, limb loss: 0.0000, lr: 1e-05
iteration: 89000, loss: 0.0016, scmap loss: 0.0015, locref loss: 0.0000, limb loss: 0.0000, lr: 1e-05
iteration: 89500, loss: 0.0016, scmap loss: 0.0015, locref loss: 0.0000, limb loss: 0.0000, lr: 1e-05
iteration: 90000, loss: 0.0014, scmap loss: 0.0014, locref loss: 0.0000, limb loss: 0.0000, lr: 1e-05
iteration: 90500, loss: 0.0015, scmap loss: 0.0015, locref loss: 0.0000, limb loss: 0.0000, lr: 1e-05
iteration: 91000, loss: 0.0014, scmap loss: 0.0014, locref loss: 0.0000, limb loss: 0.0000, lr: 1e-05
iteration: 91500, loss: 0.0015, scmap loss: 0.0015, locref loss: 0.0000, limb loss: 0.0000, lr: 1e-05
iteration: 92000, loss: 0.0014, scmap loss: 0.0014, locref loss: 0.0000, limb loss: 0.0000, lr: 1e-05
iteration: 92500, loss: 0.0016, scmap loss: 0.0015, locref loss: 0.0000, limb loss: 0.0000, lr: 1e-05
iteration: 93000, loss: 0.0014, scmap loss: 0.0014, locref loss: 0.0000, limb loss: 0.0000, lr: 1e-05
iteration: 93500, loss: 0.0015, scmap loss: 0.0015, locref loss: 0.0000, limb loss: 0.0000, lr: 1e-05
iteration: 94000, loss: 0.0015, scmap loss: 0.0014, locref loss: 0.0000, limb loss: 0.0000, lr: 1e-05
iteration: 94500, loss: 0.0015, scmap loss: 0.0014, locref loss: 0.0000, limb loss: 0.0000, lr: 1e-05
iteration: 95000, loss: 0.0015, scmap loss: 0.0014, locref loss: 0.0000, limb loss: 0.0000, lr: 1e-05
iteration: 95500, loss: 0.0015, scmap loss: 0.0014, locref loss: 0.0000, limb loss: 0.0000, lr: 1e-05
iteration: 96000, loss: 0.0015, scmap loss: 0.0015, locref loss: 0.0000, limb loss: 0.0000, lr: 1e-05
iteration: 96500, loss: 0.0015, scmap loss: 0.0014, locref loss: 0.0000, limb loss: 0.0000, lr: 1e-05
iteration: 97000, loss: 0.0014, scmap loss: 0.0014, locref loss: 0.0000, limb loss: 0.0000, lr: 1e-05
iteration: 97500, loss: 0.0014, scmap loss: 0.0014, locref loss: 0.0000, limb loss: 0.0000, lr: 1e-05
iteration: 98000, loss: 0.0015, scmap loss: 0.0015, locref loss: 0.0000, limb loss: 0.0000, lr: 1e-05
iteration: 98500, loss: 0.0014, scmap loss: 0.0014, locref loss: 0.0000, limb loss: 0.0000, lr: 1e-05
iteration: 99000, loss: 0.0015, scmap loss: 0.0014, locref loss: 0.0000, limb loss: 0.0000, lr: 1e-05
iteration: 99500, loss: 0.0015, scmap loss: 0.0015, locref loss: 0.0000, limb loss: 0.0000, lr: 1e-05
iteration: 100000, loss: 0.0014, scmap loss: 0.0014, locref loss: 0.0000, limb loss: 0.0000, lr: 1e-05
iteration: 100500, loss: 0.0014, scmap loss: 0.0014, locref loss: 0.0000, limb loss: 0.0000, lr: 1e-05
iteration: 101000, loss: 0.0015, scmap loss: 0.0015, locref loss: 0.0000, limb loss: 0.0000, lr: 1e-05
iteration: 101500, loss: 0.0014, scmap loss: 0.0013, locref loss: 0.0000, limb loss: 0.0000, lr: 1e-05
iteration: 102000, loss: 0.0014, scmap loss: 0.0014, locref loss: 0.0000, limb loss: 0.0000, lr: 1e-05
iteration: 102500, loss: 0.0013, scmap loss: 0.0013, locref loss: 0.0000, limb loss: 0.0000, lr: 1e-05
iteration: 103000, loss: 0.0014, scmap loss: 0.0013, locref loss: 0.0000, limb loss: 0.0000, lr: 1e-05
iteration: 103500, loss: 0.0014, scmap loss: 0.0014, locref loss: 0.0000, limb loss: 0.0000, lr: 1e-05
iteration: 104000, loss: 0.0015, scmap loss: 0.0014, locref loss: 0.0000, limb loss: 0.0000, lr: 1e-05
iteration: 104500, loss: 0.0014, scmap loss: 0.0013, locref loss: 0.0000, limb loss: 0.0000, lr: 1e-05
iteration: 105000, loss: 0.0015, scmap loss: 0.0014, locref loss: 0.0000, limb loss: 0.0000, lr: 1e-05
iteration: 105500, loss: 0.0014, scmap loss: 0.0014, locref loss: 0.0000, limb loss: 0.0000, lr: 1e-05
iteration: 106000, loss: 0.0014, scmap loss: 0.0014, locref loss: 0.0000, limb loss: 0.0000, lr: 1e-05
iteration: 106500, loss: 0.0014, scmap loss: 0.0014, locref loss: 0.0000, limb loss: 0.0000, lr: 1e-05
iteration: 107000, loss: 0.0014, scmap loss: 0.0014, locref loss: 0.0000, limb loss: 0.0000, lr: 1e-05
iteration: 107500, loss: 0.0015, scmap loss: 0.0014, locref loss: 0.0000, limb loss: 0.0000, lr: 1e-05
iteration: 108000, loss: 0.0014, scmap loss: 0.0013, locref loss: 0.0000, limb loss: 0.0000, lr: 1e-05
iteration: 108500, loss: 0.0014, scmap loss: 0.0014, locref loss: 0.0000, limb loss: 0.0000, lr: 1e-05
iteration: 109000, loss: 0.0013, scmap loss: 0.0013, locref loss: 0.0000, limb loss: 0.0000, lr: 1e-05
iteration: 109500, loss: 0.0014, scmap loss: 0.0014, locref loss: 0.0000, limb loss: 0.0000, lr: 1e-05
iteration: 110000, loss: 0.0014, scmap loss: 0.0014, locref loss: 0.0000, limb loss: 0.0000, lr: 1e-05
iteration: 110500, loss: 0.0014, scmap loss: 0.0013, locref loss: 0.0000, limb loss: 0.0000, lr: 1e-05
iteration: 111000, loss: 0.0013, scmap loss: 0.0013, locref loss: 0.0000, limb loss: 0.0000, lr: 1e-05
iteration: 111500, loss: 0.0014, scmap loss: 0.0013, locref loss: 0.0000, limb loss: 0.0000, lr: 1e-05
iteration: 112000, loss: 0.0014, scmap loss: 0.0014, locref loss: 0.0000, limb loss: 0.0000, lr: 1e-05
iteration: 112500, loss: 0.0014, scmap loss: 0.0014, locref loss: 0.0000, limb loss: 0.0000, lr: 1e-05
iteration: 113000, loss: 0.0013, scmap loss: 0.0012, locref loss: 0.0000, limb loss: 0.0000, lr: 1e-05
iteration: 113500, loss: 0.0014, scmap loss: 0.0014, locref loss: 0.0000, limb loss: 0.0000, lr: 1e-05
iteration: 114000, loss: 0.0014, scmap loss: 0.0014, locref loss: 0.0000, limb loss: 0.0000, lr: 1e-05
iteration: 114500, loss: 0.0013, scmap loss: 0.0013, locref loss: 0.0000, limb loss: 0.0000, lr: 1e-05
iteration: 115000, loss: 0.0014, scmap loss: 0.0014, locref loss: 0.0000, limb loss: 0.0000, lr: 1e-05
iteration: 115500, loss: 0.0014, scmap loss: 0.0013, locref loss: 0.0000, limb loss: 0.0000, lr: 1e-05
iteration: 116000, loss: 0.0013, scmap loss: 0.0013, locref loss: 0.0000, limb loss: 0.0000, lr: 1e-05
iteration: 116500, loss: 0.0013, scmap loss: 0.0013, locref loss: 0.0000, limb loss: 0.0000, lr: 1e-05
iteration: 117000, loss: 0.0014, scmap loss: 0.0013, locref loss: 0.0000, limb loss: 0.0000, lr: 1e-05
iteration: 117500, loss: 0.0014, scmap loss: 0.0014, locref loss: 0.0000, limb loss: 0.0000, lr: 1e-05
iteration: 118000, loss: 0.0014, scmap loss: 0.0014, locref loss: 0.0000, limb loss: 0.0000, lr: 1e-05
iteration: 118500, loss: 0.0013, scmap loss: 0.0013, locref loss: 0.0000, limb loss: 0.0000, lr: 1e-05
iteration: 119000, loss: 0.0014, scmap loss: 0.0013, locref loss: 0.0000, limb loss: 0.0000, lr: 1e-05
iteration: 119500, loss: 0.0014, scmap loss: 0.0013, locref loss: 0.0000, limb loss: 0.0000, lr: 1e-05
iteration: 120000, loss: 0.0013, scmap loss: 0.0013, locref loss: 0.0000, limb loss: 0.0000, lr: 1e-05
iteration: 120500, loss: 0.0014, scmap loss: 0.0013, locref loss: 0.0000, limb loss: 0.0000, lr: 1e-05
iteration: 121000, loss: 0.0014, scmap loss: 0.0013, locref loss: 0.0000, limb loss: 0.0000, lr: 1e-05
iteration: 121500, loss: 0.0014, scmap loss: 0.0013, locref loss: 0.0000, limb loss: 0.0000, lr: 1e-05
iteration: 122000, loss: 0.0013, scmap loss: 0.0013, locref loss: 0.0000, limb loss: 0.0000, lr: 1e-05
iteration: 122500, loss: 0.0014, scmap loss: 0.0013, locref loss: 0.0000, limb loss: 0.0000, lr: 1e-05
iteration: 123000, loss: 0.0015, scmap loss: 0.0014, locref loss: 0.0000, limb loss: 0.0000, lr: 1e-05
iteration: 123500, loss: 0.0013, scmap loss: 0.0013, locref loss: 0.0000, limb loss: 0.0000, lr: 1e-05
iteration: 124000, loss: 0.0015, scmap loss: 0.0014, locref loss: 0.0000, limb loss: 0.0000, lr: 1e-05
iteration: 124500, loss: 0.0014, scmap loss: 0.0013, locref loss: 0.0000, limb loss: 0.0000, lr: 1e-05
iteration: 125000, loss: 0.0014, scmap loss: 0.0013, locref loss: 0.0000, limb loss: 0.0000, lr: 1e-05
iteration: 125500, loss: 0.0013, scmap loss: 0.0013, locref loss: 0.0000, limb loss: 0.0000, lr: 1e-05
iteration: 126000, loss: 0.0014, scmap loss: 0.0013, locref loss: 0.0000, limb loss: 0.0000, lr: 1e-05
iteration: 126500, loss: 0.0014, scmap loss: 0.0013, locref loss: 0.0000, limb loss: 0.0000, lr: 1e-05
iteration: 127000, loss: 0.0014, scmap loss: 0.0013, locref loss: 0.0000, limb loss: 0.0000, lr: 1e-05
iteration: 127500, loss: 0.0012, scmap loss: 0.0012, locref loss: 0.0000, limb loss: 0.0000, lr: 1e-05
iteration: 128000, loss: 0.0013, scmap loss: 0.0013, locref loss: 0.0000, limb loss: 0.0000, lr: 1e-05
iteration: 128500, loss: 0.0013, scmap loss: 0.0013, locref loss: 0.0000, limb loss: 0.0000, lr: 1e-05
iteration: 129000, loss: 0.0013, scmap loss: 0.0013, locref loss: 0.0000, limb loss: 0.0000, lr: 1e-05
iteration: 129500, loss: 0.0014, scmap loss: 0.0013, locref loss: 0.0000, limb loss: 0.0000, lr: 1e-05
iteration: 130000, loss: 0.0013, scmap loss: 0.0012, locref loss: 0.0000, limb loss: 0.0000, lr: 1e-05
iteration: 130500, loss: 0.0012, scmap loss: 0.0012, locref loss: 0.0000, limb loss: 0.0000, lr: 1e-05
iteration: 131000, loss: 0.0014, scmap loss: 0.0013, locref loss: 0.0000, limb loss: 0.0000, lr: 1e-05
iteration: 131500, loss: 0.0013, scmap loss: 0.0013, locref loss: 0.0000, limb loss: 0.0000, lr: 1e-05
iteration: 132000, loss: 0.0013, scmap loss: 0.0013, locref loss: 0.0000, limb loss: 0.0000, lr: 1e-05
iteration: 132500, loss: 0.0013, scmap loss: 0.0013, locref loss: 0.0000, limb loss: 0.0000, lr: 1e-05
iteration: 133000, loss: 0.0013, scmap loss: 0.0012, locref loss: 0.0000, limb loss: 0.0000, lr: 1e-05
iteration: 133500, loss: 0.0013, scmap loss: 0.0013, locref loss: 0.0000, limb loss: 0.0000, lr: 1e-05
iteration: 134000, loss: 0.0013, scmap loss: 0.0012, locref loss: 0.0000, limb loss: 0.0000, lr: 1e-05
iteration: 134500, loss: 0.0013, scmap loss: 0.0012, locref loss: 0.0000, limb loss: 0.0000, lr: 1e-05
iteration: 135000, loss: 0.0013, scmap loss: 0.0013, locref loss: 0.0000, limb loss: 0.0000, lr: 1e-05
iteration: 135500, loss: 0.0014, scmap loss: 0.0013, locref loss: 0.0000, limb loss: 0.0000, lr: 1e-05
iteration: 136000, loss: 0.0013, scmap loss: 0.0013, locref loss: 0.0000, limb loss: 0.0000, lr: 1e-05
iteration: 136500, loss: 0.0014, scmap loss: 0.0013, locref loss: 0.0000, limb loss: 0.0000, lr: 1e-05
iteration: 137000, loss: 0.0013, scmap loss: 0.0013, locref loss: 0.0000, limb loss: 0.0000, lr: 1e-05
iteration: 137500, loss: 0.0013, scmap loss: 0.0012, locref loss: 0.0000, limb loss: 0.0000, lr: 1e-05
iteration: 138000, loss: 0.0014, scmap loss: 0.0013, locref loss: 0.0000, limb loss: 0.0000, lr: 1e-05
iteration: 138500, loss: 0.0013, scmap loss: 0.0012, locref loss: 0.0000, limb loss: 0.0000, lr: 1e-05
iteration: 139000, loss: 0.0013, scmap loss: 0.0012, locref loss: 0.0000, limb loss: 0.0000, lr: 1e-05
iteration: 139500, loss: 0.0014, scmap loss: 0.0013, locref loss: 0.0000, limb loss: 0.0000, lr: 1e-05
iteration: 140000, loss: 0.0013, scmap loss: 0.0013, locref loss: 0.0000, limb loss: 0.0000, lr: 1e-05
iteration: 140500, loss: 0.0013, scmap loss: 0.0013, locref loss: 0.0000, limb loss: 0.0000, lr: 1e-05
iteration: 141000, loss: 0.0013, scmap loss: 0.0012, locref loss: 0.0000, limb loss: 0.0000, lr: 1e-05
iteration: 141500, loss: 0.0013, scmap loss: 0.0013, locref loss: 0.0000, limb loss: 0.0000, lr: 1e-05
iteration: 142000, loss: 0.0013, scmap loss: 0.0012, locref loss: 0.0000, limb loss: 0.0000, lr: 1e-05
iteration: 142500, loss: 0.0012, scmap loss: 0.0012, locref loss: 0.0000, limb loss: 0.0000, lr: 1e-05
iteration: 143000, loss: 0.0013, scmap loss: 0.0012, locref loss: 0.0000, limb loss: 0.0000, lr: 1e-05
iteration: 143500, loss: 0.0012, scmap loss: 0.0012, locref loss: 0.0000, limb loss: 0.0000, lr: 1e-05
iteration: 144000, loss: 0.0013, scmap loss: 0.0013, locref loss: 0.0000, limb loss: 0.0000, lr: 1e-05
iteration: 144500, loss: 0.0013, scmap loss: 0.0012, locref loss: 0.0000, limb loss: 0.0000, lr: 1e-05
iteration: 145000, loss: 0.0013, scmap loss: 0.0013, locref loss: 0.0000, limb loss: 0.0000, lr: 1e-05
iteration: 145500, loss: 0.0013, scmap loss: 0.0012, locref loss: 0.0000, limb loss: 0.0000, lr: 1e-05
iteration: 146000, loss: 0.0013, scmap loss: 0.0012, locref loss: 0.0000, limb loss: 0.0000, lr: 1e-05
iteration: 146500, loss: 0.0013, scmap loss: 0.0012, locref loss: 0.0000, limb loss: 0.0000, lr: 1e-05
iteration: 147000, loss: 0.0012, scmap loss: 0.0012, locref loss: 0.0000, limb loss: 0.0000, lr: 1e-05
iteration: 147500, loss: 0.0013, scmap loss: 0.0013, locref loss: 0.0000, limb loss: 0.0000, lr: 1e-05
iteration: 148000, loss: 0.0013, scmap loss: 0.0013, locref loss: 0.0000, limb loss: 0.0000, lr: 1e-05
iteration: 148500, loss: 0.0013, scmap loss: 0.0013, locref loss: 0.0000, limb loss: 0.0000, lr: 1e-05
iteration: 149000, loss: 0.0013, scmap loss: 0.0012, locref loss: 0.0000, limb loss: 0.0000, lr: 1e-05
iteration: 149500, loss: 0.0013, scmap loss: 0.0013, locref loss: 0.0000, limb loss: 0.0000, lr: 1e-05
iteration: 150000, loss: 0.0013, scmap loss: 0.0012, locref loss: 0.0000, limb loss: 0.0000, lr: 1e-05
iteration: 150500, loss: 0.0012, scmap loss: 0.0012, locref loss: 0.0000, limb loss: 0.0000, lr: 1e-05
iteration: 151000, loss: 0.0012, scmap loss: 0.0012, locref loss: 0.0000, limb loss: 0.0000, lr: 1e-05
iteration: 151500, loss: 0.0013, scmap loss: 0.0013, locref loss: 0.0000, limb loss: 0.0000, lr: 1e-05
iteration: 152000, loss: 0.0013, scmap loss: 0.0012, locref loss: 0.0000, limb loss: 0.0000, lr: 1e-05
iteration: 152500, loss: 0.0013, scmap loss: 0.0012, locref loss: 0.0000, limb loss: 0.0000, lr: 1e-05
iteration: 153000, loss: 0.0013, scmap loss: 0.0013, locref loss: 0.0000, limb loss: 0.0000, lr: 1e-05
iteration: 153500, loss: 0.0012, scmap loss: 0.0012, locref loss: 0.0000, limb loss: 0.0000, lr: 1e-05
iteration: 154000, loss: 0.0013, scmap loss: 0.0012, locref loss: 0.0000, limb loss: 0.0000, lr: 1e-05
iteration: 154500, loss: 0.0012, scmap loss: 0.0012, locref loss: 0.0000, limb loss: 0.0000, lr: 1e-05
iteration: 155000, loss: 0.0013, scmap loss: 0.0012, locref loss: 0.0000, limb loss: 0.0000, lr: 1e-05
iteration: 155500, loss: 0.0012, scmap loss: 0.0012, locref loss: 0.0000, limb loss: 0.0000, lr: 1e-05
iteration: 156000, loss: 0.0013, scmap loss: 0.0012, locref loss: 0.0000, limb loss: 0.0000, lr: 1e-05
iteration: 156500, loss: 0.0013, scmap loss: 0.0012, locref loss: 0.0000, limb loss: 0.0000, lr: 1e-05
iteration: 157000, loss: 0.0013, scmap loss: 0.0012, locref loss: 0.0000, limb loss: 0.0000, lr: 1e-05
iteration: 157500, loss: 0.0013, scmap loss: 0.0012, locref loss: 0.0000, limb loss: 0.0000, lr: 1e-05
iteration: 158000, loss: 0.0012, scmap loss: 0.0012, locref loss: 0.0000, limb loss: 0.0000, lr: 1e-05
iteration: 158500, loss: 0.0012, scmap loss: 0.0012, locref loss: 0.0000, limb loss: 0.0000, lr: 1e-05
iteration: 159000, loss: 0.0013, scmap loss: 0.0013, locref loss: 0.0000, limb loss: 0.0000, lr: 1e-05
iteration: 159500, loss: 0.0012, scmap loss: 0.0011, locref loss: 0.0000, limb loss: 0.0000, lr: 1e-05
iteration: 160000, loss: 0.0012, scmap loss: 0.0012, locref loss: 0.0000, limb loss: 0.0000, lr: 1e-05
iteration: 160500, loss: 0.0012, scmap loss: 0.0012, locref loss: 0.0000, limb loss: 0.0000, lr: 1e-05
iteration: 161000, loss: 0.0013, scmap loss: 0.0013, locref loss: 0.0000, limb loss: 0.0000, lr: 1e-05
iteration: 161500, loss: 0.0012, scmap loss: 0.0012, locref loss: 0.0000, limb loss: 0.0000, lr: 1e-05
iteration: 162000, loss: 0.0012, scmap loss: 0.0011, locref loss: 0.0000, limb loss: 0.0000, lr: 1e-05
iteration: 162500, loss: 0.0012, scmap loss: 0.0012, locref loss: 0.0000, limb loss: 0.0000, lr: 1e-05
iteration: 163000, loss: 0.0012, scmap loss: 0.0012, locref loss: 0.0000, limb loss: 0.0000, lr: 1e-05
iteration: 163500, loss: 0.0013, scmap loss: 0.0012, locref loss: 0.0000, limb loss: 0.0000, lr: 1e-05
iteration: 164000, loss: 0.0012, scmap loss: 0.0012, locref loss: 0.0000, limb loss: 0.0000, lr: 1e-05
iteration: 164500, loss: 0.0012, scmap loss: 0.0012, locref loss: 0.0000, limb loss: 0.0000, lr: 1e-05
iteration: 165000, loss: 0.0012, scmap loss: 0.0012, locref loss: 0.0000, limb loss: 0.0000, lr: 1e-05
iteration: 165500, loss: 0.0012, scmap loss: 0.0012, locref loss: 0.0000, limb loss: 0.0000, lr: 1e-05
iteration: 166000, loss: 0.0012, scmap loss: 0.0012, locref loss: 0.0000, limb loss: 0.0000, lr: 1e-05
iteration: 166500, loss: 0.0013, scmap loss: 0.0012, locref loss: 0.0000, limb loss: 0.0000, lr: 1e-05
iteration: 167000, loss: 0.0012, scmap loss: 0.0012, locref loss: 0.0000, limb loss: 0.0000, lr: 1e-05
iteration: 167500, loss: 0.0011, scmap loss: 0.0011, locref loss: 0.0000, limb loss: 0.0000, lr: 1e-05
iteration: 168000, loss: 0.0013, scmap loss: 0.0012, locref loss: 0.0000, limb loss: 0.0000, lr: 1e-05
iteration: 168500, loss: 0.0012, scmap loss: 0.0012, locref loss: 0.0000, limb loss: 0.0000, lr: 1e-05
iteration: 169000, loss: 0.0012, scmap loss: 0.0011, locref loss: 0.0000, limb loss: 0.0000, lr: 1e-05
iteration: 169500, loss: 0.0012, scmap loss: 0.0012, locref loss: 0.0000, limb loss: 0.0000, lr: 1e-05
iteration: 170000, loss: 0.0012, scmap loss: 0.0012, locref loss: 0.0000, limb loss: 0.0000, lr: 1e-05
iteration: 170500, loss: 0.0012, scmap loss: 0.0011, locref loss: 0.0000, limb loss: 0.0000, lr: 1e-05
iteration: 171000, loss: 0.0012, scmap loss: 0.0012, locref loss: 0.0000, limb loss: 0.0000, lr: 1e-05
iteration: 171500, loss: 0.0012, scmap loss: 0.0012, locref loss: 0.0000, limb loss: 0.0000, lr: 1e-05
iteration: 172000, loss: 0.0012, scmap loss: 0.0012, locref loss: 0.0000, limb loss: 0.0000, lr: 1e-05
iteration: 172500, loss: 0.0012, scmap loss: 0.0011, locref loss: 0.0000, limb loss: 0.0000, lr: 1e-05
iteration: 173000, loss: 0.0012, scmap loss: 0.0012, locref loss: 0.0000, limb loss: 0.0000, lr: 1e-05
iteration: 173500, loss: 0.0012, scmap loss: 0.0011, locref loss: 0.0000, limb loss: 0.0000, lr: 1e-05
iteration: 174000, loss: 0.0013, scmap loss: 0.0012, locref loss: 0.0000, limb loss: 0.0000, lr: 1e-05
iteration: 174500, loss: 0.0012, scmap loss: 0.0012, locref loss: 0.0000, limb loss: 0.0000, lr: 1e-05
iteration: 175000, loss: 0.0012, scmap loss: 0.0011, locref loss: 0.0000, limb loss: 0.0000, lr: 1e-05
iteration: 175500, loss: 0.0012, scmap loss: 0.0011, locref loss: 0.0000, limb loss: 0.0000, lr: 1e-05
iteration: 176000, loss: 0.0013, scmap loss: 0.0012, locref loss: 0.0000, limb loss: 0.0000, lr: 1e-05
iteration: 176500, loss: 0.0012, scmap loss: 0.0012, locref loss: 0.0000, limb loss: 0.0000, lr: 1e-05
iteration: 177000, loss: 0.0012, scmap loss: 0.0011, locref loss: 0.0000, limb loss: 0.0000, lr: 1e-05
iteration: 177500, loss: 0.0012, scmap loss: 0.0011, locref loss: 0.0000, limb loss: 0.0000, lr: 1e-05
iteration: 178000, loss: 0.0012, scmap loss: 0.0011, locref loss: 0.0000, limb loss: 0.0000, lr: 1e-05
iteration: 178500, loss: 0.0012, scmap loss: 0.0011, locref loss: 0.0000, limb loss: 0.0000, lr: 1e-05
iteration: 179000, loss: 0.0013, scmap loss: 0.0013, locref loss: 0.0000, limb loss: 0.0000, lr: 1e-05
iteration: 179500, loss: 0.0012, scmap loss: 0.0011, locref loss: 0.0000, limb loss: 0.0000, lr: 1e-05
iteration: 180000, loss: 0.0012, scmap loss: 0.0012, locref loss: 0.0000, limb loss: 0.0000, lr: 1e-05
iteration: 180500, loss: 0.0012, scmap loss: 0.0012, locref loss: 0.0000, limb loss: 0.0000, lr: 1e-05
iteration: 181000, loss: 0.0012, scmap loss: 0.0012, locref loss: 0.0000, limb loss: 0.0000, lr: 1e-05
iteration: 181500, loss: 0.0011, scmap loss: 0.0011, locref loss: 0.0000, limb loss: 0.0000, lr: 1e-05
iteration: 182000, loss: 0.0012, scmap loss: 0.0011, locref loss: 0.0000, limb loss: 0.0000, lr: 1e-05
iteration: 182500, loss: 0.0012, scmap loss: 0.0011, locref loss: 0.0000, limb loss: 0.0000, lr: 1e-05
iteration: 183000, loss: 0.0012, scmap loss: 0.0011, locref loss: 0.0000, limb loss: 0.0000, lr: 1e-05
iteration: 183500, loss: 0.0012, scmap loss: 0.0012, locref loss: 0.0000, limb loss: 0.0000, lr: 1e-05
iteration: 184000, loss: 0.0012, scmap loss: 0.0011, locref loss: 0.0000, limb loss: 0.0000, lr: 1e-05
iteration: 184500, loss: 0.0012, scmap loss: 0.0011, locref loss: 0.0000, limb loss: 0.0000, lr: 1e-05
iteration: 185000, loss: 0.0012, scmap loss: 0.0011, locref loss: 0.0000, limb loss: 0.0000, lr: 1e-05
iteration: 185500, loss: 0.0012, scmap loss: 0.0012, locref loss: 0.0000, limb loss: 0.0000, lr: 1e-05
iteration: 186000, loss: 0.0012, scmap loss: 0.0011, locref loss: 0.0000, limb loss: 0.0000, lr: 1e-05
iteration: 186500, loss: 0.0012, scmap loss: 0.0012, locref loss: 0.0000, limb loss: 0.0000, lr: 1e-05
iteration: 187000, loss: 0.0012, scmap loss: 0.0012, locref loss: 0.0000, limb loss: 0.0000, lr: 1e-05
iteration: 187500, loss: 0.0011, scmap loss: 0.0011, locref loss: 0.0000, limb loss: 0.0000, lr: 1e-05
iteration: 188000, loss: 0.0012, scmap loss: 0.0011, locref loss: 0.0000, limb loss: 0.0000, lr: 1e-05
iteration: 188500, loss: 0.0012, scmap loss: 0.0012, locref loss: 0.0000, limb loss: 0.0000, lr: 1e-05
iteration: 189000, loss: 0.0012, scmap loss: 0.0011, locref loss: 0.0000, limb loss: 0.0000, lr: 1e-05
iteration: 189500, loss: 0.0012, scmap loss: 0.0011, locref loss: 0.0000, limb loss: 0.0000, lr: 1e-05
iteration: 190000, loss: 0.0011, scmap loss: 0.0011, locref loss: 0.0000, limb loss: 0.0000, lr: 1e-05
iteration: 190500, loss: 0.0012, scmap loss: 0.0012, locref loss: 0.0000, limb loss: 0.0000, lr: 1e-05
iteration: 191000, loss: 0.0011, scmap loss: 0.0011, locref loss: 0.0000, limb loss: 0.0000, lr: 1e-05
iteration: 191500, loss: 0.0012, scmap loss: 0.0011, locref loss: 0.0000, limb loss: 0.0000, lr: 1e-05
iteration: 192000, loss: 0.0011, scmap loss: 0.0011, locref loss: 0.0000, limb loss: 0.0000, lr: 1e-05
iteration: 192500, loss: 0.0012, scmap loss: 0.0011, locref loss: 0.0000, limb loss: 0.0000, lr: 1e-05
iteration: 193000, loss: 0.0012, scmap loss: 0.0011, locref loss: 0.0000, limb loss: 0.0000, lr: 1e-05
iteration: 193500, loss: 0.0011, scmap loss: 0.0011, locref loss: 0.0000, limb loss: 0.0000, lr: 1e-05
iteration: 194000, loss: 0.0012, scmap loss: 0.0012, locref loss: 0.0000, limb loss: 0.0000, lr: 1e-05
iteration: 194500, loss: 0.0011, scmap loss: 0.0011, locref loss: 0.0000, limb loss: 0.0000, lr: 1e-05
iteration: 195000, loss: 0.0012, scmap loss: 0.0011, locref loss: 0.0000, limb loss: 0.0000, lr: 1e-05
iteration: 195500, loss: 0.0011, scmap loss: 0.0011, locref loss: 0.0000, limb loss: 0.0000, lr: 1e-05
iteration: 196000, loss: 0.0013, scmap loss: 0.0012, locref loss: 0.0000, limb loss: 0.0000, lr: 1e-05
iteration: 196500, loss: 0.0012, scmap loss: 0.0011, locref loss: 0.0000, limb loss: 0.0000, lr: 1e-05
iteration: 197000, loss: 0.0011, scmap loss: 0.0011, locref loss: 0.0000, limb loss: 0.0000, lr: 1e-05
iteration: 197500, loss: 0.0011, scmap loss: 0.0011, locref loss: 0.0000, limb loss: 0.0000, lr: 1e-05
iteration: 198000, loss: 0.0012, scmap loss: 0.0012, locref loss: 0.0000, limb loss: 0.0000, lr: 1e-05
iteration: 198500, loss: 0.0012, scmap loss: 0.0011, locref loss: 0.0000, limb loss: 0.0000, lr: 1e-05
iteration: 199000, loss: 0.0012, scmap loss: 0.0011, locref loss: 0.0000, limb loss: 0.0000, lr: 1e-05
iteration: 199500, loss: 0.0011, scmap loss: 0.0011, locref loss: 0.0000, limb loss: 0.0000, lr: 1e-05
iteration: 200000, loss: 0.0011, scmap loss: 0.0011, locref loss: 0.0000, limb loss: 0.0000, lr: 1e-05
