scorer,DLC_dlcrnetms5_ml_comparison_5Sep27shuffle1_200000,DLC_dlcrnetms5_ml_comparison_5Sep27shuffle1_200000,DLC_dlcrnetms5_ml_comparison_5Sep27shuffle1_200000,DLC_dlcrnetms5_ml_comparison_5Sep27shuffle1_200000,DLC_dlcrnetms5_ml_comparison_5Sep27shuffle1_200000,DLC_dlcrnetms5_ml_comparison_5Sep27shuffle1_200000,DLC_dlcrnetms5_ml_comparison_5Sep27shuffle1_200000,DLC_dlcrnetms5_ml_comparison_5Sep27shuffle1_200000,DLC_dlcrnetms5_ml_comparison_5Sep27shuffle1_200000,DLC_dlcrnetms5_ml_comparison_5Sep27shuffle1_200000,DLC_dlcrnetms5_ml_comparison_5Sep27shuffle1_200000,DLC_dlcrnetms5_ml_comparison_5Sep27shuffle1_200000,DLC_dlcrnetms5_ml_comparison_5Sep27shuffle1_200000,DLC_dlcrnetms5_ml_comparison_5Sep27shuffle1_200000,DLC_dlcrnetms5_ml_comparison_5Sep27shuffle1_200000,DLC_dlcrnetms5_ml_comparison_5Sep27shuffle1_200000,DLC_dlcrnetms5_ml_comparison_5Sep27shuffle1_200000,DLC_dlcrnetms5_ml_comparison_5Sep27shuffle1_200000,DLC_dlcrnetms5_ml_comparison_5Sep27shuffle1_200000,DLC_dlcrnetms5_ml_comparison_5Sep27shuffle1_200000,DLC_dlcrnetms5_ml_comparison_5Sep27shuffle1_200000,DLC_dlcrnetms5_ml_comparison_5Sep27shuffle1_200000,DLC_dlcrnetms5_ml_comparison_5Sep27shuffle1_200000,DLC_dlcrnetms5_ml_comparison_5Sep27shuffle1_200000,DLC_dlcrnetms5_ml_comparison_5Sep27shuffle1_200000,DLC_dlcrnetms5_ml_comparison_5Sep27shuffle1_200000,DLC_dlcrnetms5_ml_comparison_5Sep27shuffle1_200000,DLC_dlcrnetms5_ml_comparison_5Sep27shuffle1_200000,DLC_dlcrnetms5_ml_comparison_5Sep27shuffle1_200000,DLC_dlcrnetms5_ml_comparison_5Sep27shuffle1_200000,DLC_dlcrnetms5_ml_comparison_5Sep27shuffle1_200000,DLC_dlcrnetms5_ml_comparison_5Sep27shuffle1_200000,DLC_dlcrnetms5_ml_comparison_5Sep27shuffle1_200000,DLC_dlcrnetms5_ml_comparison_5Sep27shuffle1_200000,DLC_dlcrnetms5_ml_comparison_5Sep27shuffle1_200000,DLC_dlcrnetms5_ml_comparison_5Sep27shuffle1_200000,DLC_dlcrnetms5_ml_comparison_5Sep27shuffle1_200000,DLC_dlcrnetms5_ml_comparison_5Sep27shuffle1_200000,DLC_dlcrnetms5_ml_comparison_5Sep27shuffle1_200000,DLC_dlcrnetms5_ml_comparison_5Sep27shuffle1_200000,DLC_dlcrnetms5_ml_comparison_5Sep27shuffle1_200000,DLC_dlcrnetms5_ml_comparison_5Sep27shuffle1_200000,DLC_dlcrnetms5_ml_comparison_5Sep27shuffle1_200000,DLC_dlcrnetms5_ml_comparison_5Sep27shuffle1_200000,DLC_dlcrnetms5_ml_comparison_5Sep27shuffle1_200000,DLC_dlcrnetms5_ml_comparison_5Sep27shuffle1_200000,DLC_dlcrnetms5_ml_comparison_5Sep27shuffle1_200000,DLC_dlcrnetms5_ml_comparison_5Sep27shuffle1_200000,DLC_dlcrnetms5_ml_comparison_5Sep27shuffle1_200000,DLC_dlcrnetms5_ml_comparison_5Sep27shuffle1_200000,DLC_dlcrnetms5_ml_comparison_5Sep27shuffle1_200000,DLC_dlcrnetms5_ml_comparison_5Sep27shuffle1_200000,DLC_dlcrnetms5_ml_comparison_5Sep27shuffle1_200000,DLC_dlcrnetms5_ml_comparison_5Sep27shuffle1_200000
individuals,ind1,ind1,ind1,ind1,ind1,ind1,ind1,ind1,ind1,ind1,ind1,ind1,ind1,ind1,ind1,ind1,ind1,ind1,ind1,ind1,ind1,ind1,ind1,ind1,ind1,ind1,ind1,ind1,ind1,ind1,ind1,ind1,ind1,ind1,ind1,ind1,ind1,ind1,ind1,ind1,ind1,ind1,ind1,ind1,ind1,ind1,ind1,ind1,ind1,ind1,ind1,ind1,ind1,ind1
bodyparts,left_ear,left_ear,left_ear,right_ear,right_ear,right_ear,left_eye,left_eye,left_eye,right_eye,right_eye,right_eye,nose,nose,nose,left_shoulder,left_shoulder,left_shoulder,right_shoulder,right_shoulder,right_shoulder,lower_neck,lower_neck,lower_neck,left_elbow,left_elbow,left_elbow,right_elbow,right_elbow,right_elbow,left_wrist,left_wrist,left_wrist,right_wrist,right_wrist,right_wrist,left_hip,left_hip,left_hip,right_hip,right_hip,right_hip,left_knee,left_knee,left_knee,right_knee,right_knee,right_knee,left_ankle,left_ankle,left_ankle,right_ankle,right_ankle,right_ankle
coords,x,y,likelihood,x,y,likelihood,x,y,likelihood,x,y,likelihood,x,y,likelihood,x,y,likelihood,x,y,likelihood,x,y,likelihood,x,y,likelihood,x,y,likelihood,x,y,likelihood,x,y,likelihood,x,y,likelihood,x,y,likelihood,x,y,likelihood,x,y,likelihood,x,y,likelihood,x,y,likelihood
0,,,,,,,,,,,,,,,,,,,,,,,,,,,,,,,,,,,,,,,,,,,,,,,,,,,,,,
1,,,,,,,,,,,,,,,,,,,,,,,,,,,,,,,,,,,,,,,,,,,,,,,,,,,,,,
2,,,,,,,,,,,,,,,,,,,,,,,,,,,,,,,,,,,,,,,,,,,,,,,,,,,,,,
3,,,,,,,,,,,,,,,,,,,,,,,,,,,,,,,,,,,,,,,,,,,,,,,,,,,,,,
4,,,,,,,,,,,,,,,,,,,,,,,,,,,,,,,,,,,,,,,,,,,,,,,,,,,,,,
5,,,,,,,,,,,,,,,,,,,,,,,,,,,,,,,,,,,,,,,,,,,,,,,,,,,,,,
6,,,,,,,,,,,,,,,,,,,,,,,,,,,,,,,,,,,,,,,,,,,,,,,,,,,,,,
7,,,,,,,,,,,,,,,,,,,,,,,,,,,,,,,,,,,,,,,,,,,,,,,,,,,,,,
8,,,,,,,,,,,,,,,,,,,,,,,,,,,,,,,,,,,,,,,,,,,,,,,,,,,,,,
9,,,,,,,,,,,,,,,,,,,,,,,,,,,,,,,,,,,,,,,,,,,,,,,,,,,,,,
10,,,,,,,,,,,,,,,,,,,,,,,,,,,,,,,,,,,,,,,,,,,,,,,,,,,,,,
11,,,,,,,,,,,,,,,,,,,,,,,,,,,,,,,,,,,,,,,,,,,,,,,,,,,,,,
12,,,,,,,,,,,,,,,,,,,,,,,,,,,,,,,,,,,,,,,,,,,,,,,,,,,,,,
13,,,,,,,,,,,,,,,,,,,,,,,,,,,,,,,,,,,,,,,,,,,,,,,,,,,,,,
14,,,,,,,,,,,,,,,,,,,,,,,,,,,,,,,,,,,,,,,,,,,,,,,,,,,,,,
15,,,,,,,,,,,,,,,,,,,,,,,,,,,,,,,,,,,,,,,,,,,,,,,,,,,,,,
16,,,,,,,,,,,,,,,,,,,,,,,,,,,,,,,,,,,,,,,,,,,,,,,,,,,,,,
17,,,,,,,,,,,,,,,,,,,,,,,,,,,,,,,,,,,,,,,,,,,,,,,,,,,,,,
18,,,,,,,,,,,,,,,,,,,,,,,,,,,,,,,,,,,,,,,,,,,,,,,,,,,,,,
19,,,,,,,,,,,,,,,,,,,,,,,,,,,,,,,,,,,,,,,,,,,,,,,,,,,,,,
20,,,,,,,,,,,,,,,,,,,,,,,,,,,,,,,,,,,,,,,,,,,,,,,,,,,,,,
21,,,0.0,538.562,98.567,0.9929999709129333,,,0.0,,,0.0,,,0.0,,,0.0,467.991,187.181,0.39399999380111694,,,0.0,,,0.0,,,0.0,,,0.0,508.15,228.465,0.6449999809265137,,,0.0,,,0.0,,,0.0,,,0.0,,,0.0,,,0.0
22,,,,,,,,,,,,,,,,,,,,,,,,,,,,,,,,,,,,,,,,,,,,,,,,,,,,,,
23,,,,,,,,,,,,,,,,,,,,,,,,,,,,,,,,,,,,,,,,,,,,,,,,,,,,,,
24,,,,,,,,,,,,,,,,,,,,,,,,,,,,,,,,,,,,,,,,,,,,,,,,,,,,,,
25,,,0.0,538.262,98.893,0.9929999709129333,,,0.0,,,0.0,,,0.0,,,0.0,467.923,187.96,0.3409999907016754,,,0.0,,,0.0,,,0.0,,,0.0,517.434,228.403,0.781000018119812,,,0.0,,,0.0,,,0.0,,,0.0,,,0.0,,,0.0
26,,,0.0,538.263,98.894,0.9929999709129333,,,0.0,,,0.0,,,0.0,,,0.0,467.921,187.965,0.3409999907016754,,,0.0,,,0.0,,,0.0,,,0.0,517.411,228.392,0.7770000100135803,,,0.0,,,0.0,,,0.0,,,0.0,,,0.0,,,0.0
27,,,0.0,538.723,92.732,0.9800000190734863,,,0.0,,,0.0,,,0.0,,,0.0,,,0.0,,,0.0,,,0.0,579.969,283.989,0.17499999701976776,,,0.0,524.355,226.745,0.7979999780654907,,,0.0,,,0.0,,,0.0,,,0.0,,,0.0,,,0.0
28,,,0.0,539.209,98.357,0.9440000057220459,,,0.0,,,0.0,,,0.0,,,0.0,,,0.0,,,0.0,,,0.0,579.948,284.071,0.11299999803304672,,,0.0,524.264,228.802,0.6819999814033508,,,0.0,,,0.0,,,0.0,,,0.0,,,0.0,,,0.0
29,,,,,,,,,,,,,,,,,,,,,,,,,,,,,,,,,,,,,,,,,,,,,,,,,,,,,,
30,,,,,,,,,,,,,,,,,,,,,,,,,,,,,,,,,,,,,,,,,,,,,,,,,,,,,,
31,,,,,,,,,,,,,,,,,,,,,,,,,,,,,,,,,,,,,,,,,,,,,,,,,,,,,,
32,547.314,75.305,0.17000000178813934,539.928,75.419,0.9819999933242798,,,0.0,,,0.0,,,0.0,,,0.0,,,0.0,,,0.0,,,0.0,,,0.0,,,0.0,524.18,196.417,0.5659999847412109,,,0.0,,,0.0,,,0.0,,,0.0,,,0.0,,,0.0
33,,,,,,,,,,,,,,,,,,,,,,,,,,,,,,,,,,,,,,,,,,,,,,,,,,,,,,
34,,,,,,,,,,,,,,,,,,,,,,,,,,,,,,,,,,,,,,,,,,,,,,,,,,,,,,
35,,,,,,,,,,,,,,,,,,,,,,,,,,,,,,,,,,,,,,,,,,,,,,,,,,,,,,
36,,,,,,,,,,,,,,,,,,,,,,,,,,,,,,,,,,,,,,,,,,,,,,,,,,,,,,
37,,,,,,,,,,,,,,,,,,,,,,,,,,,,,,,,,,,,,,,,,,,,,,,,,,,,,,
38,,,,,,,,,,,,,,,,,,,,,,,,,,,,,,,,,,,,,,,,,,,,,,,,,,,,,,
39,,,,,,,,,,,,,,,,,,,,,,,,,,,,,,,,,,,,,,,,,,,,,,,,,,,,,,
40,,,,,,,,,,,,,,,,,,,,,,,,,,,,,,,,,,,,,,,,,,,,,,,,,,,,,,
41,,,,,,,,,,,,,,,,,,,,,,,,,,,,,,,,,,,,,,,,,,,,,,,,,,,,,,
42,,,,,,,,,,,,,,,,,,,,,,,,,,,,,,,,,,,,,,,,,,,,,,,,,,,,,,
43,,,,,,,,,,,,,,,,,,,,,,,,,,,,,,,,,,,,,,,,,,,,,,,,,,,,,,
44,,,,,,,,,,,,,,,,,,,,,,,,,,,,,,,,,,,,,,,,,,,,,,,,,,,,,,
45,,,,,,,,,,,,,,,,,,,,,,,,,,,,,,,,,,,,,,,,,,,,,,,,,,,,,,
46,,,,,,,,,,,,,,,,,,,,,,,,,,,,,,,,,,,,,,,,,,,,,,,,,,,,,,
47,,,,,,,,,,,,,,,,,,,,,,,,,,,,,,,,,,,,,,,,,,,,,,,,,,,,,,
48,,,,,,,,,,,,,,,,,,,,,,,,,,,,,,,,,,,,,,,,,,,,,,,,,,,,,,
49,,,,,,,,,,,,,,,,,,,,,,,,,,,,,,,,,,,,,,,,,,,,,,,,,,,,,,
50,,,,,,,,,,,,,,,,,,,,,,,,,,,,,,,,,,,,,,,,,,,,,,,,,,,,,,
51,,,,,,,,,,,,,,,,,,,,,,,,,,,,,,,,,,,,,,,,,,,,,,,,,,,,,,
52,,,,,,,,,,,,,,,,,,,,,,,,,,,,,,,,,,,,,,,,,,,,,,,,,,,,,,
53,,,,,,,,,,,,,,,,,,,,,,,,,,,,,,,,,,,,,,,,,,,,,,,,,,,,,,
54,,,,,,,,,,,,,,,,,,,,,,,,,,,,,,,,,,,,,,,,,,,,,,,,,,,,,,
55,,,,,,,,,,,,,,,,,,,,,,,,,,,,,,,,,,,,,,,,,,,,,,,,,,,,,,
56,,,,,,,,,,,,,,,,,,,,,,,,,,,,,,,,,,,,,,,,,,,,,,,,,,,,,,
57,,,,,,,,,,,,,,,,,,,,,,,,,,,,,,,,,,,,,,,,,,,,,,,,,,,,,,
58,,,,,,,,,,,,,,,,,,,,,,,,,,,,,,,,,,,,,,,,,,,,,,,,,,,,,,
59,,,,,,,,,,,,,,,,,,,,,,,,,,,,,,,,,,,,,,,,,,,,,,,,,,,,,,
60,,,,,,,,,,,,,,,,,,,,,,,,,,,,,,,,,,,,,,,,,,,,,,,,,,,,,,
61,,,,,,,,,,,,,,,,,,,,,,,,,,,,,,,,,,,,,,,,,,,,,,,,,,,,,,
62,,,,,,,,,,,,,,,,,,,,,,,,,,,,,,,,,,,,,,,,,,,,,,,,,,,,,,
63,,,,,,,,,,,,,,,,,,,,,,,,,,,,,,,,,,,,,,,,,,,,,,,,,,,,,,
64,,,,,,,,,,,,,,,,,,,,,,,,,,,,,,,,,,,,,,,,,,,,,,,,,,,,,,
65,,,,,,,,,,,,,,,,,,,,,,,,,,,,,,,,,,,,,,,,,,,,,,,,,,,,,,
66,,,,,,,,,,,,,,,,,,,,,,,,,,,,,,,,,,,,,,,,,,,,,,,,,,,,,,
67,,,,,,,,,,,,,,,,,,,,,,,,,,,,,,,,,,,,,,,,,,,,,,,,,,,,,,
68,,,,,,,,,,,,,,,,,,,,,,,,,,,,,,,,,,,,,,,,,,,,,,,,,,,,,,
69,521.296,92.894,0.4230000078678131,515.694,95.663,0.9139999747276306,,,0.0,,,0.0,,,0.0,539.586,123.856,0.1679999977350235,,,0.0,,,0.0,,,0.0,,,0.0,,,0.0,,,0.0,,,0.0,,,0.0,,,0.0,,,0.0,,,0.0,,,0.0
70,,,,,,,,,,,,,,,,,,,,,,,,,,,,,,,,,,,,,,,,,,,,,,,,,,,,,,
71,,,0.0,,,0.0,556.087,211.225,0.949999988079071,,,0.0,539.792,220.741,0.9769999980926514,556.559,243.622,0.210999995470047,,,0.0,,,0.0,,,0.0,,,0.0,,,0.0,,,0.0,,,0.0,,,0.0,,,0.0,,,0.0,,,0.0,,,0.0
72,,,,,,,,,,,,,,,,,,,,,,,,,,,,,,,,,,,,,,,,,,,,,,,,,,,,,,
73,,,,,,,,,,,,,,,,,,,,,,,,,,,,,,,,,,,,,,,,,,,,,,,,,,,,,,
74,,,,,,,,,,,,,,,,,,,,,,,,,,,,,,,,,,,,,,,,,,,,,,,,,,,,,,
75,,,,,,,,,,,,,,,,,,,,,,,,,,,,,,,,,,,,,,,,,,,,,,,,,,,,,,
76,,,,,,,,,,,,,,,,,,,,,,,,,,,,,,,,,,,,,,,,,,,,,,,,,,,,,,
77,,,,,,,,,,,,,,,,,,,,,,,,,,,,,,,,,,,,,,,,,,,,,,,,,,,,,,
78,,,,,,,,,,,,,,,,,,,,,,,,,,,,,,,,,,,,,,,,,,,,,,,,,,,,,,
79,,,,,,,,,,,,,,,,,,,,,,,,,,,,,,,,,,,,,,,,,,,,,,,,,,,,,,
80,,,,,,,,,,,,,,,,,,,,,,,,,,,,,,,,,,,,,,,,,,,,,,,,,,,,,,
81,,,,,,,,,,,,,,,,,,,,,,,,,,,,,,,,,,,,,,,,,,,,,,,,,,,,,,
82,,,,,,,,,,,,,,,,,,,,,,,,,,,,,,,,,,,,,,,,,,,,,,,,,,,,,,
83,,,,,,,,,,,,,,,,,,,,,,,,,,,,,,,,,,,,,,,,,,,,,,,,,,,,,,
84,,,,,,,,,,,,,,,,,,,,,,,,,,,,,,,,,,,,,,,,,,,,,,,,,,,,,,
85,,,,,,,,,,,,,,,,,,,,,,,,,,,,,,,,,,,,,,,,,,,,,,,,,,,,,,
86,,,,,,,,,,,,,,,,,,,,,,,,,,,,,,,,,,,,,,,,,,,,,,,,,,,,,,
87,,,,,,,,,,,,,,,,,,,,,,,,,,,,,,,,,,,,,,,,,,,,,,,,,,,,,,
88,,,,,,,,,,,,,,,,,,,,,,,,,,,,,,,,,,,,,,,,,,,,,,,,,,,,,,
89,,,,,,,,,,,,,,,,,,,,,,,,,,,,,,,,,,,,,,,,,,,,,,,,,,,,,,
90,,,,,,,,,,,,,,,,,,,,,,,,,,,,,,,,,,,,,,,,,,,,,,,,,,,,,,
91,,,,,,,,,,,,,,,,,,,,,,,,,,,,,,,,,,,,,,,,,,,,,,,,,,,,,,
92,,,,,,,,,,,,,,,,,,,,,,,,,,,,,,,,,,,,,,,,,,,,,,,,,,,,,,
93,,,,,,,,,,,,,,,,,,,,,,,,,,,,,,,,,,,,,,,,,,,,,,,,,,,,,,
94,,,,,,,,,,,,,,,,,,,,,,,,,,,,,,,,,,,,,,,,,,,,,,,,,,,,,,
95,,,,,,,,,,,,,,,,,,,,,,,,,,,,,,,,,,,,,,,,,,,,,,,,,,,,,,
96,,,,,,,,,,,,,,,,,,,,,,,,,,,,,,,,,,,,,,,,,,,,,,,,,,,,,,
97,,,,,,,,,,,,,,,,,,,,,,,,,,,,,,,,,,,,,,,,,,,,,,,,,,,,,,
98,,,,,,,,,,,,,,,,,,,,,,,,,,,,,,,,,,,,,,,,,,,,,,,,,,,,,,
99,,,,,,,,,,,,,,,,,,,,,,,,,,,,,,,,,,,,,,,,,,,,,,,,,,,,,,
100,,,,,,,,,,,,,,,,,,,,,,,,,,,,,,,,,,,,,,,,,,,,,,,,,,,,,,
101,,,,,,,,,,,,,,,,,,,,,,,,,,,,,,,,,,,,,,,,,,,,,,,,,,,,,,
102,,,,,,,,,,,,,,,,,,,,,,,,,,,,,,,,,,,,,,,,,,,,,,,,,,,,,,
103,,,,,,,,,,,,,,,,,,,,,,,,,,,,,,,,,,,,,,,,,,,,,,,,,,,,,,
104,,,,,,,,,,,,,,,,,,,,,,,,,,,,,,,,,,,,,,,,,,,,,,,,,,,,,,
105,,,,,,,,,,,,,,,,,,,,,,,,,,,,,,,,,,,,,,,,,,,,,,,,,,,,,,
106,,,,,,,,,,,,,,,,,,,,,,,,,,,,,,,,,,,,,,,,,,,,,,,,,,,,,,
107,,,,,,,,,,,,,,,,,,,,,,,,,,,,,,,,,,,,,,,,,,,,,,,,,,,,,,
108,,,,,,,,,,,,,,,,,,,,,,,,,,,,,,,,,,,,,,,,,,,,,,,,,,,,,,
109,,,,,,,,,,,,,,,,,,,,,,,,,,,,,,,,,,,,,,,,,,,,,,,,,,,,,,
110,,,,,,,,,,,,,,,,,,,,,,,,,,,,,,,,,,,,,,,,,,,,,,,,,,,,,,
111,,,,,,,,,,,,,,,,,,,,,,,,,,,,,,,,,,,,,,,,,,,,,,,,,,,,,,
112,,,,,,,,,,,,,,,,,,,,,,,,,,,,,,,,,,,,,,,,,,,,,,,,,,,,,,
113,,,,,,,,,,,,,,,,,,,,,,,,,,,,,,,,,,,,,,,,,,,,,,,,,,,,,,
114,,,,,,,,,,,,,,,,,,,,,,,,,,,,,,,,,,,,,,,,,,,,,,,,,,,,,,
115,,,,,,,,,,,,,,,,,,,,,,,,,,,,,,,,,,,,,,,,,,,,,,,,,,,,,,
116,,,,,,,,,,,,,,,,,,,,,,,,,,,,,,,,,,,,,,,,,,,,,,,,,,,,,,
117,,,,,,,,,,,,,,,,,,,,,,,,,,,,,,,,,,,,,,,,,,,,,,,,,,,,,,
118,,,,,,,,,,,,,,,,,,,,,,,,,,,,,,,,,,,,,,,,,,,,,,,,,,,,,,
119,,,,,,,,,,,,,,,,,,,,,,,,,,,,,,,,,,,,,,,,,,,,,,,,,,,,,,
120,,,,,,,,,,,,,,,,,,,,,,,,,,,,,,,,,,,,,,,,,,,,,,,,,,,,,,
121,,,,,,,,,,,,,,,,,,,,,,,,,,,,,,,,,,,,,,,,,,,,,,,,,,,,,,
122,,,,,,,,,,,,,,,,,,,,,,,,,,,,,,,,,,,,,,,,,,,,,,,,,,,,,,
123,,,,,,,,,,,,,,,,,,,,,,,,,,,,,,,,,,,,,,,,,,,,,,,,,,,,,,
124,,,,,,,,,,,,,,,,,,,,,,,,,,,,,,,,,,,,,,,,,,,,,,,,,,,,,,
125,,,,,,,,,,,,,,,,,,,,,,,,,,,,,,,,,,,,,,,,,,,,,,,,,,,,,,
126,,,,,,,,,,,,,,,,,,,,,,,,,,,,,,,,,,,,,,,,,,,,,,,,,,,,,,
127,,,,,,,,,,,,,,,,,,,,,,,,,,,,,,,,,,,,,,,,,,,,,,,,,,,,,,
128,,,,,,,,,,,,,,,,,,,,,,,,,,,,,,,,,,,,,,,,,,,,,,,,,,,,,,
129,,,,,,,,,,,,,,,,,,,,,,,,,,,,,,,,,,,,,,,,,,,,,,,,,,,,,,
130,,,,,,,,,,,,,,,,,,,,,,,,,,,,,,,,,,,,,,,,,,,,,,,,,,,,,,
131,,,,,,,,,,,,,,,,,,,,,,,,,,,,,,,,,,,,,,,,,,,,,,,,,,,,,,
132,,,,,,,,,,,,,,,,,,,,,,,,,,,,,,,,,,,,,,,,,,,,,,,,,,,,,,
133,,,,,,,,,,,,,,,,,,,,,,,,,,,,,,,,,,,,,,,,,,,,,,,,,,,,,,
134,,,,,,,,,,,,,,,,,,,,,,,,,,,,,,,,,,,,,,,,,,,,,,,,,,,,,,
135,,,0.0,474.828,161.738,0.9980000257492065,,,0.0,506.869,251.719,0.8050000071525574,,,0.0,,,0.0,420.375,259.876,0.7049999833106995,,,0.0,,,0.0,,,0.0,,,0.0,476.196,316.193,0.5320000052452087,,,0.0,,,0.0,,,0.0,,,0.0,,,0.0,,,0.0
136,,,,,,,,,,,,,,,,,,,,,,,,,,,,,,,,,,,,,,,,,,,,,,,,,,,,,,
137,,,0.0,474.662,160.73,0.9980000257492065,,,0.0,507.377,243.93,0.9470000267028809,,,0.0,,,0.0,,,0.0,,,0.0,,,0.0,,,0.0,,,0.0,475.913,332.476,0.9120000004768372,,,0.0,,,0.0,,,0.0,,,0.0,,,0.0,,,0.0
138,,,,,,,,,,,,,,,,,,,,,,,,,,,,,,,,,,,,,,,,,,,,,,,,,,,,,,
139,,,0.0,,,0.0,513.817,268.239,0.9959999918937683,,,0.0,492.002,277.074,0.9990000128746033,515.678,315.91,0.27900001406669617,,,0.0,,,0.0,,,0.0,,,0.0,483.8,388.059,0.31700000166893005,,,0.0,,,0.0,,,0.0,,,0.0,,,0.0,,,0.0,,,0.0
140,,,0.0,,,0.0,512.804,268.352,0.9959999918937683,,,0.0,492.219,276.185,0.9990000128746033,524.24,308.014,0.10599999874830246,,,0.0,,,0.0,,,0.0,,,0.0,,,0.0,,,0.0,,,0.0,,,0.0,,,0.0,,,0.0,,,0.0,,,0.0
141,,,0.0,,,0.0,513.047,268.31,0.9959999918937683,,,0.0,491.849,275.996,0.9990000128746033,524.237,308.485,0.2199999988079071,,,0.0,,,0.0,,,0.0,,,0.0,,,0.0,,,0.0,,,0.0,,,0.0,,,0.0,,,0.0,,,0.0,,,0.0
142,,,0.0,,,0.0,512.849,268.579,0.9959999918937683,,,0.0,491.633,276.181,0.9990000128746033,524.245,308.09,0.1420000046491623,,,0.0,,,0.0,,,0.0,,,0.0,,,0.0,,,0.0,,,0.0,,,0.0,,,0.0,,,0.0,,,0.0,,,0.0
143,,,0.0,,,0.0,513.551,268.35,0.9950000047683716,,,0.0,492.112,276.678,0.996999979019165,515.769,308.377,0.15000000596046448,,,0.0,,,0.0,,,0.0,,,0.0,,,0.0,,,0.0,,,0.0,,,0.0,,,0.0,,,0.0,,,0.0,,,0.0
144,,,,,,,,,,,,,,,,,,,,,,,,,,,,,,,,,,,,,,,,,,,,,,,,,,,,,,
145,,,,,,,,,,,,,,,,,,,,,,,,,,,,,,,,,,,,,,,,,,,,,,,,,,,,,,
146,547.127,228.859,0.9359999895095825,452.677,161.932,0.9980000257492065,513.974,268.576,0.9900000095367432,,,0.0,491.659,275.806,0.9919999837875366,524.796,300.008,0.12600000202655792,,,0.0,,,0.0,,,0.0,,,0.0,,,0.0,,,0.0,,,0.0,,,0.0,,,0.0,,,0.0,,,0.0,,,0.0
147,,,,,,,,,,,,,,,,,,,,,,,,,,,,,,,,,,,,,,,,,,,,,,,,,,,,,,
148,,,,,,,,,,,,,,,,,,,,,,,,,,,,,,,,,,,,,,,,,,,,,,,,,,,,,,
149,,,,,,,,,,,,,,,,,,,,,,,,,,,,,,,,,,,,,,,,,,,,,,,,,,,,,,
150,550.416,235.902,0.9399999976158142,,,0.0,507.756,274.487,0.9819999933242798,,,0.0,492.326,299.545,0.890999972820282,531.822,308.052,0.19099999964237213,,,0.0,,,0.0,,,0.0,,,0.0,,,0.0,,,0.0,,,0.0,,,0.0,,,0.0,,,0.0,,,0.0,,,0.0
151,,,,,,,,,,,,,,,,,,,,,,,,,,,,,,,,,,,,,,,,,,,,,,,,,,,,,,
152,556.425,235.421,0.9660000205039978,,,0.0,514.273,275.124,0.9769999980926514,,,0.0,491.951,292.861,0.9940000176429749,524.715,300.111,0.11599999666213989,,,0.0,,,0.0,,,0.0,,,0.0,,,0.0,,,0.0,,,0.0,,,0.0,,,0.0,,,0.0,,,0.0,,,0.0
153,,,,,,,,,,,,,,,,,,,,,,,,,,,,,,,,,,,,,,,,,,,,,,,,,,,,,,
154,,,,,,,,,,,,,,,,,,,,,,,,,,,,,,,,,,,,,,,,,,,,,,,,,,,,,,
155,,,,,,,,,,,,,,,,,,,,,,,,,,,,,,,,,,,,,,,,,,,,,,,,,,,,,,
156,,,,,,,,,,,,,,,,,,,,,,,,,,,,,,,,,,,,,,,,,,,,,,,,,,,,,,
157,,,0.0,,,0.0,522.72,285.38,0.9800000190734863,,,0.0,499.7,292.678,0.8529999852180481,508.549,324.258,0.12800000607967377,,,0.0,,,0.0,,,0.0,,,0.0,,,0.0,,,0.0,,,0.0,,,0.0,,,0.0,,,0.0,,,0.0,,,0.0
158,,,0.0,,,0.0,523.486,284.924,0.9919999837875366,,,0.0,500.541,291.859,0.8930000066757202,499.903,323.943,0.10499999672174454,,,0.0,,,0.0,,,0.0,,,0.0,,,0.0,,,0.0,,,0.0,,,0.0,,,0.0,,,0.0,,,0.0,,,0.0
159,482.472,173.536,0.8980000019073486,474.774,172.354,0.9679999947547913,,,0.0,507.13,257.858,0.9860000014305115,,,0.0,,,0.0,,,0.0,,,0.0,,,0.0,,,0.0,,,0.0,460.024,316.536,0.5709999799728394,,,0.0,,,0.0,,,0.0,,,0.0,,,0.0,,,0.0
160,482.182,173.617,0.9330000281333923,474.836,172.936,0.9449999928474426,,,0.0,502.627,252.776,0.972000002861023,,,0.0,,,0.0,427.379,196.169,0.1080000028014183,,,0.0,,,0.0,,,0.0,,,0.0,468.021,316.576,0.49399998784065247,,,0.0,,,0.0,,,0.0,,,0.0,,,0.0,,,0.0
161,,,,,,,,,,,,,,,,,,,,,,,,,,,,,,,,,,,,,,,,,,,,,,,,,,,,,,
162,,,,,,,,,,,,,,,,,,,,,,,,,,,,,,,,,,,,,,,,,,,,,,,,,,,,,,
163,,,0.0,,,0.0,530.927,278.393,0.9940000176429749,,,0.0,508.19,290.668,0.9990000128746033,,,0.0,,,0.0,,,0.0,,,0.0,,,0.0,491.539,388.028,0.44699999690055847,,,0.0,,,0.0,,,0.0,,,0.0,,,0.0,,,0.0,,,0.0
164,,,,,,,,,,,,,,,,,,,,,,,,,,,,,,,,,,,,,,,,,,,,,,,,,,,,,,
165,,,0.0,,,0.0,530.945,283.326,0.9810000061988831,,,0.0,515.225,291.659,0.9980000257492065,,,0.0,,,0.0,,,0.0,,,0.0,,,0.0,500.094,387.733,0.5789999961853027,,,0.0,,,0.0,,,0.0,,,0.0,,,0.0,,,0.0,,,0.0
166,,,0.0,,,0.0,530.538,283.283,0.9750000238418579,,,0.0,508.068,291.052,0.9980000257492065,,,0.0,,,0.0,,,0.0,,,0.0,,,0.0,501.251,380.106,0.6930000185966492,,,0.0,,,0.0,,,0.0,,,0.0,,,0.0,,,0.0,,,0.0
167,,,0.0,,,0.0,531.853,282.436,0.9919999837875366,,,0.0,515.865,291.046,1.0,,,0.0,,,0.0,,,0.0,,,0.0,,,0.0,499.607,388.202,0.6480000019073486,,,0.0,,,0.0,,,0.0,,,0.0,,,0.0,,,0.0,,,0.0
168,,,,,,,,,,,,,,,,,,,,,,,,,,,,,,,,,,,,,,,,,,,,,,,,,,,,,,
169,,,,,,,,,,,,,,,,,,,,,,,,,,,,,,,,,,,,,,,,,,,,,,,,,,,,,,
170,,,,,,,,,,,,,,,,,,,,,,,,,,,,,,,,,,,,,,,,,,,,,,,,,,,,,,
171,,,,,,,,,,,,,,,,,,,,,,,,,,,,,,,,,,,,,,,,,,,,,,,,,,,,,,
172,,,,,,,,,,,,,,,,,,,,,,,,,,,,,,,,,,,,,,,,,,,,,,,,,,,,,,
173,,,,,,,,,,,,,,,,,,,,,,,,,,,,,,,,,,,,,,,,,,,,,,,,,,,,,,
174,,,,,,,,,,,,,,,,,,,,,,,,,,,,,,,,,,,,,,,,,,,,,,,,,,,,,,
175,,,,,,,,,,,,,,,,,,,,,,,,,,,,,,,,,,,,,,,,,,,,,,,,,,,,,,
176,,,,,,,,,,,,,,,,,,,,,,,,,,,,,,,,,,,,,,,,,,,,,,,,,,,,,,
177,,,,,,,,,,,,,,,,,,,,,,,,,,,,,,,,,,,,,,,,,,,,,,,,,,,,,,
178,,,,,,,,,,,,,,,,,,,,,,,,,,,,,,,,,,,,,,,,,,,,,,,,,,,,,,
179,,,,,,,,,,,,,,,,,,,,,,,,,,,,,,,,,,,,,,,,,,,,,,,,,,,,,,
180,,,,,,,,,,,,,,,,,,,,,,,,,,,,,,,,,,,,,,,,,,,,,,,,,,,,,,
181,,,,,,,,,,,,,,,,,,,,,,,,,,,,,,,,,,,,,,,,,,,,,,,,,,,,,,
182,,,,,,,,,,,,,,,,,,,,,,,,,,,,,,,,,,,,,,,,,,,,,,,,,,,,,,
183,,,,,,,,,,,,,,,,,,,,,,,,,,,,,,,,,,,,,,,,,,,,,,,,,,,,,,
184,,,,,,,,,,,,,,,,,,,,,,,,,,,,,,,,,,,,,,,,,,,,,,,,,,,,,,
185,,,,,,,,,,,,,,,,,,,,,,,,,,,,,,,,,,,,,,,,,,,,,,,,,,,,,,
186,,,,,,,,,,,,,,,,,,,,,,,,,,,,,,,,,,,,,,,,,,,,,,,,,,,,,,
187,,,,,,,,,,,,,,,,,,,,,,,,,,,,,,,,,,,,,,,,,,,,,,,,,,,,,,
188,,,,,,,,,,,,,,,,,,,,,,,,,,,,,,,,,,,,,,,,,,,,,,,,,,,,,,
189,,,,,,,,,,,,,,,,,,,,,,,,,,,,,,,,,,,,,,,,,,,,,,,,,,,,,,
190,,,,,,,,,,,,,,,,,,,,,,,,,,,,,,,,,,,,,,,,,,,,,,,,,,,,,,
191,,,,,,,,,,,,,,,,,,,,,,,,,,,,,,,,,,,,,,,,,,,,,,,,,,,,,,
192,,,,,,,,,,,,,,,,,,,,,,,,,,,,,,,,,,,,,,,,,,,,,,,,,,,,,,
193,,,0.0,499.906,155.092,0.9950000047683716,,,0.0,,,0.0,,,0.0,,,0.0,403.888,251.487,0.4560000002384186,,,0.0,,,0.0,,,0.0,,,0.0,451.081,268.348,0.9449999928474426,,,0.0,,,0.0,,,0.0,,,0.0,,,0.0,,,0.0
194,,,,,,,,,,,,,,,,,,,,,,,,,,,,,,,,,,,,,,,,,,,,,,,,,,,,,,
195,,,0.0,,,0.0,516.393,261.552,0.9470000267028809,,,0.0,499.343,268.043,0.9620000123977661,500.237,300.376,0.13699999451637268,,,0.0,,,0.0,,,0.0,,,0.0,,,0.0,,,0.0,,,0.0,,,0.0,,,0.0,,,0.0,,,0.0,,,0.0
196,,,0.0,,,0.0,516.402,267.757,0.9599999785423279,,,0.0,498.947,269.791,0.9190000295639038,499.758,308.11,0.4819999933242798,,,0.0,,,0.0,,,0.0,,,0.0,,,0.0,,,0.0,,,0.0,,,0.0,,,0.0,,,0.0,,,0.0,,,0.0
197,,,0.0,,,0.0,523.835,253.035,0.9380000233650208,,,0.0,500.472,260.341,0.9929999709129333,500.183,300.481,0.10100000351667404,,,0.0,,,0.0,,,0.0,,,0.0,,,0.0,,,0.0,,,0.0,,,0.0,,,0.0,,,0.0,,,0.0,,,0.0
198,,,0.0,,,0.0,516.953,252.175,0.777999997138977,,,0.0,500.372,253.627,0.9779999852180481,499.631,300.11,0.28700000047683716,,,0.0,,,0.0,,,0.0,,,0.0,,,0.0,,,0.0,,,0.0,,,0.0,,,0.0,,,0.0,,,0.0,,,0.0
199,,,,,,,,,,,,,,,,,,,,,,,,,,,,,,,,,,,,,,,,,,,,,,,,,,,,,,
200,,,,,,,,,,,,,,,,,,,,,,,,,,,,,,,,,,,,,,,,,,,,,,,,,,,,,,
201,,,,,,,,,,,,,,,,,,,,,,,,,,,,,,,,,,,,,,,,,,,,,,,,,,,,,,
202,,,,,,,,,,,,,,,,,,,,,,,,,,,,,,,,,,,,,,,,,,,,,,,,,,,,,,
203,,,,,,,,,,,,,,,,,,,,,,,,,,,,,,,,,,,,,,,,,,,,,,,,,,,,,,
204,547.067,243.269,0.972000002861023,,,0.0,522.496,236.506,0.9869999885559082,,,0.0,500.723,244.333,0.9990000128746033,524.665,268.342,0.6880000233650208,,,0.0,,,0.0,,,0.0,,,0.0,,,0.0,,,0.0,,,0.0,,,0.0,,,0.0,,,0.0,,,0.0,,,0.0
205,,,0.0,,,0.0,521.882,237.082,0.9789999723434448,,,0.0,499.72,244.197,0.996999979019165,517.212,268.281,0.32199999690055847,,,0.0,,,0.0,,,0.0,,,0.0,,,0.0,,,0.0,,,0.0,,,0.0,,,0.0,,,0.0,,,0.0,,,0.0
206,,,,,,,,,,,,,,,,,,,,,,,,,,,,,,,,,,,,,,,,,,,,,,,,,,,,,,
207,,,,,,,,,,,,,,,,,,,,,,,,,,,,,,,,,,,,,,,,,,,,,,,,,,,,,,
208,546.674,243.249,0.9769999980926514,,,0.0,522.154,237.402,0.9850000143051147,,,0.0,491.589,244.786,0.9879999756813049,517.235,274.973,0.6769999861717224,,,0.0,,,0.0,,,0.0,,,0.0,,,0.0,,,0.0,,,0.0,,,0.0,,,0.0,,,0.0,,,0.0,,,0.0
209,,,,,,,,,,,,,,,,,,,,,,,,,,,,,,,,,,,,,,,,,,,,,,,,,,,,,,
210,,,,,,,,,,,,,,,,,,,,,,,,,,,,,,,,,,,,,,,,,,,,,,,,,,,,,,
211,,,,,,,,,,,,,,,,,,,,,,,,,,,,,,,,,,,,,,,,,,,,,,,,,,,,,,
212,,,,,,,,,,,,,,,,,,,,,,,,,,,,,,,,,,,,,,,,,,,,,,,,,,,,,,
213,,,,,,,,,,,,,,,,,,,,,,,,,,,,,,,,,,,,,,,,,,,,,,,,,,,,,,
214,,,,,,,,,,,,,,,,,,,,,,,,,,,,,,,,,,,,,,,,,,,,,,,,,,,,,,
215,,,,,,,,,,,,,,,,,,,,,,,,,,,,,,,,,,,,,,,,,,,,,,,,,,,,,,
216,,,,,,,,,,,,,,,,,,,,,,,,,,,,,,,,,,,,,,,,,,,,,,,,,,,,,,
217,,,,,,,,,,,,,,,,,,,,,,,,,,,,,,,,,,,,,,,,,,,,,,,,,,,,,,
218,,,,,,,,,,,,,,,,,,,,,,,,,,,,,,,,,,,,,,,,,,,,,,,,,,,,,,
219,,,,,,,,,,,,,,,,,,,,,,,,,,,,,,,,,,,,,,,,,,,,,,,,,,,,,,
220,,,,,,,,,,,,,,,,,,,,,,,,,,,,,,,,,,,,,,,,,,,,,,,,,,,,,,
221,,,,,,,,,,,,,,,,,,,,,,,,,,,,,,,,,,,,,,,,,,,,,,,,,,,,,,
222,,,,,,,,,,,,,,,,,,,,,,,,,,,,,,,,,,,,,,,,,,,,,,,,,,,,,,
223,,,,,,,,,,,,,,,,,,,,,,,,,,,,,,,,,,,,,,,,,,,,,,,,,,,,,,
224,,,,,,,,,,,,,,,,,,,,,,,,,,,,,,,,,,,,,,,,,,,,,,,,,,,,,,
225,531.951,280.66,0.7089999914169312,,,0.0,507.492,283.631,0.8970000147819519,,,0.0,491.51,285.76,0.9620000123977661,508.884,315.822,0.20999999344348907,,,0.0,,,0.0,,,0.0,,,0.0,,,0.0,,,0.0,,,0.0,,,0.0,,,0.0,,,0.0,,,0.0,,,0.0
226,532.08,280.94,0.7630000114440918,,,0.0,507.874,275.705,0.8299999833106995,,,0.0,491.812,286.484,0.9729999899864197,509.207,308.107,0.20100000500679016,,,0.0,,,0.0,,,0.0,,,0.0,,,0.0,,,0.0,,,0.0,,,0.0,,,0.0,,,0.0,,,0.0,,,0.0
227,,,0.0,,,0.0,507.429,283.844,0.8930000066757202,,,0.0,483.533,285.671,0.9819999933242798,500.849,316.333,0.2939999997615814,,,0.0,,,0.0,,,0.0,,,0.0,,,0.0,,,0.0,,,0.0,,,0.0,,,0.0,,,0.0,,,0.0,,,0.0
228,,,,,,,,,,,,,,,,,,,,,,,,,,,,,,,,,,,,,,,,,,,,,,,,,,,,,,
229,,,0.0,,,0.0,508.926,284.349,0.9580000042915344,,,0.0,483.773,301.467,0.9879999756813049,499.582,324.195,0.4620000123977661,,,0.0,,,0.0,,,0.0,,,0.0,,,0.0,,,0.0,,,0.0,,,0.0,,,0.0,,,0.0,,,0.0,,,0.0
230,,,,,,,,,,,,,,,,,,,,,,,,,,,,,,,,,,,,,,,,,,,,,,,,,,,,,,
231,,,0.0,,,0.0,498.112,300.068,0.9779999852180481,,,0.0,476.114,307.033,0.9900000095367432,483.803,332.232,0.42500001192092896,,,0.0,,,0.0,,,0.0,,,0.0,,,0.0,,,0.0,,,0.0,,,0.0,,,0.0,,,0.0,,,0.0,,,0.0
232,,,0.0,,,0.0,492.359,299.611,0.9649999737739563,,,0.0,476.368,306.651,0.9850000143051147,484.327,332.195,0.49900001287460327,,,0.0,,,0.0,,,0.0,,,0.0,,,0.0,,,0.0,,,0.0,,,0.0,,,0.0,,,0.0,,,0.0,,,0.0
233,,,0.0,,,0.0,498.499,300.551,0.9409999847412109,,,0.0,477.023,307.24,0.9980000257492065,,,0.0,,,0.0,,,0.0,,,0.0,,,0.0,467.772,395.892,0.2280000001192093,,,0.0,,,0.0,,,0.0,,,0.0,,,0.0,,,0.0,,,0.0
234,514.308,313.581,0.8930000066757202,,,0.0,491.985,307.983,0.9089999794960022,,,0.0,476.18,307.758,0.9900000095367432,492.681,347.74,0.6589999794960022,,,0.0,,,0.0,,,0.0,,,0.0,,,0.0,,,0.0,,,0.0,,,0.0,,,0.0,,,0.0,,,0.0,,,0.0
235,,,0.0,,,0.0,491.835,308.551,0.9129999876022339,,,0.0,476.085,319.541,0.9419999718666077,,,0.0,,,0.0,,,0.0,,,0.0,,,0.0,468.15,395.776,0.5759999752044678,,,0.0,,,0.0,,,0.0,,,0.0,,,0.0,,,0.0,,,0.0
236,,,0.0,,,0.0,491.607,315.722,0.9369999766349792,,,0.0,469.894,323.599,0.9399999976158142,,,0.0,,,0.0,,,0.0,,,0.0,,,0.0,452.714,388.159,0.6119999885559082,,,0.0,,,0.0,,,0.0,,,0.0,,,0.0,,,0.0,,,0.0
237,,,0.0,,,0.0,492.134,316.422,0.9779999852180481,,,0.0,470.151,323.559,0.9959999918937683,,,0.0,,,0.0,,,0.0,,,0.0,,,0.0,459.857,386.455,0.6140000224113464,,,0.0,,,0.0,,,0.0,,,0.0,,,0.0,,,0.0,,,0.0
238,,,0.0,,,0.0,492.24,315.882,0.9800000190734863,,,0.0,469.566,323.306,0.9879999756813049,484.354,347.821,0.6240000128746033,,,0.0,,,0.0,,,0.0,,,0.0,452.399,387.572,0.7929999828338623,,,0.0,,,0.0,,,0.0,,,0.0,,,0.0,,,0.0,,,0.0
239,,,0.0,,,0.0,498.232,316.553,0.9800000190734863,,,0.0,475.714,323.651,0.9900000095367432,492.833,347.962,0.13699999451637268,,,0.0,,,0.0,,,0.0,,,0.0,467.766,379.748,0.5550000071525574,,,0.0,,,0.0,,,0.0,,,0.0,,,0.0,,,0.0,,,0.0
240,,,0.0,,,0.0,491.564,321.961,0.9620000123977661,,,0.0,475.922,323.451,0.968999981880188,,,0.0,,,0.0,,,0.0,,,0.0,,,0.0,476.188,363.593,0.550000011920929,,,0.0,,,0.0,,,0.0,,,0.0,,,0.0,,,0.0,,,0.0
241,,,0.0,,,0.0,499.383,316.784,0.9860000014305115,,,0.0,476.406,324.006,0.9679999947547913,,,0.0,,,0.0,,,0.0,,,0.0,,,0.0,476.396,356.205,0.11800000071525574,,,0.0,,,0.0,,,0.0,,,0.0,,,0.0,,,0.0,,,0.0
242,,,0.0,,,0.0,499.956,316.727,0.9750000238418579,,,0.0,476.011,323.995,0.8920000195503235,,,0.0,,,0.0,,,0.0,,,0.0,,,0.0,476.291,347.544,0.33799999952316284,,,0.0,,,0.0,,,0.0,,,0.0,,,0.0,,,0.0,,,0.0
243,,,,,,,,,,,,,,,,,,,,,,,,,,,,,,,,,,,,,,,,,,,,,,,,,,,,,,
244,,,,,,,,,,,,,,,,,,,,,,,,,,,,,,,,,,,,,,,,,,,,,,,,,,,,,,
245,,,,,,,,,,,,,,,,,,,,,,,,,,,,,,,,,,,,,,,,,,,,,,,,,,,,,,
246,,,,,,,,,,,,,,,,,,,,,,,,,,,,,,,,,,,,,,,,,,,,,,,,,,,,,,
247,,,,,,,,,,,,,,,,,,,,,,,,,,,,,,,,,,,,,,,,,,,,,,,,,,,,,,
248,,,,,,,,,,,,,,,,,,,,,,,,,,,,,,,,,,,,,,,,,,,,,,,,,,,,,,
249,,,,,,,,,,,,,,,,,,,,,,,,,,,,,,,,,,,,,,,,,,,,,,,,,,,,,,
250,,,,,,,,,,,,,,,,,,,,,,,,,,,,,,,,,,,,,,,,,,,,,,,,,,,,,,
251,,,,,,,,,,,,,,,,,,,,,,,,,,,,,,,,,,,,,,,,,,,,,,,,,,,,,,
252,,,,,,,,,,,,,,,,,,,,,,,,,,,,,,,,,,,,,,,,,,,,,,,,,,,,,,
253,,,,,,,,,,,,,,,,,,,,,,,,,,,,,,,,,,,,,,,,,,,,,,,,,,,,,,
254,,,,,,,,,,,,,,,,,,,,,,,,,,,,,,,,,,,,,,,,,,,,,,,,,,,,,,
255,,,,,,,,,,,,,,,,,,,,,,,,,,,,,,,,,,,,,,,,,,,,,,,,,,,,,,
256,,,,,,,,,,,,,,,,,,,,,,,,,,,,,,,,,,,,,,,,,,,,,,,,,,,,,,
257,,,,,,,,,,,,,,,,,,,,,,,,,,,,,,,,,,,,,,,,,,,,,,,,,,,,,,
258,,,,,,,,,,,,,,,,,,,,,,,,,,,,,,,,,,,,,,,,,,,,,,,,,,,,,,
259,,,,,,,,,,,,,,,,,,,,,,,,,,,,,,,,,,,,,,,,,,,,,,,,,,,,,,
260,,,,,,,,,,,,,,,,,,,,,,,,,,,,,,,,,,,,,,,,,,,,,,,,,,,,,,
261,,,,,,,,,,,,,,,,,,,,,,,,,,,,,,,,,,,,,,,,,,,,,,,,,,,,,,
262,,,,,,,,,,,,,,,,,,,,,,,,,,,,,,,,,,,,,,,,,,,,,,,,,,,,,,
263,,,,,,,,,,,,,,,,,,,,,,,,,,,,,,,,,,,,,,,,,,,,,,,,,,,,,,
264,,,,,,,,,,,,,,,,,,,,,,,,,,,,,,,,,,,,,,,,,,,,,,,,,,,,,,
265,,,,,,,,,,,,,,,,,,,,,,,,,,,,,,,,,,,,,,,,,,,,,,,,,,,,,,
266,,,0.0,,,0.0,506.765,326.018,0.9890000224113464,,,0.0,491.975,339.422,0.9900000095367432,508.588,364.109,0.1340000033378601,,,0.0,,,0.0,,,0.0,,,0.0,,,0.0,,,0.0,,,0.0,,,0.0,,,0.0,,,0.0,,,0.0,,,0.0
267,,,0.0,,,0.0,507.659,322.901,0.9909999966621399,,,0.0,491.532,333.928,0.9950000047683716,516.054,355.5,0.3009999990463257,,,0.0,,,0.0,,,0.0,,,0.0,,,0.0,,,0.0,,,0.0,,,0.0,,,0.0,,,0.0,,,0.0,,,0.0
268,,,0.0,,,0.0,507.554,331.899,0.9850000143051147,,,0.0,490.589,338.9,0.9900000095367432,499.508,364.21,0.46299999952316284,,,0.0,,,0.0,,,0.0,,,0.0,,,0.0,,,0.0,,,0.0,,,0.0,,,0.0,,,0.0,,,0.0,,,0.0
269,,,0.0,,,0.0,509.199,316.907,0.9089999794960022,,,0.0,499.665,331.827,0.9620000123977661,516.295,348.462,0.2709999978542328,,,0.0,,,0.0,,,0.0,,,0.0,,,0.0,,,0.0,,,0.0,,,0.0,,,0.0,,,0.0,,,0.0,,,0.0
270,,,0.0,,,0.0,515.13,308.455,0.9800000190734863,,,0.0,501.747,325.161,0.9509999752044678,516.833,348.515,0.746999979019165,,,0.0,,,0.0,,,0.0,,,0.0,,,0.0,,,0.0,,,0.0,,,0.0,,,0.0,,,0.0,,,0.0,,,0.0
271,,,0.0,,,0.0,516.595,307.624,0.9760000109672546,,,0.0,506.88,317.1,0.9919999837875366,516.222,348.196,0.7609999775886536,,,0.0,,,0.0,,,0.0,,,0.0,,,0.0,,,0.0,,,0.0,,,0.0,,,0.0,,,0.0,,,0.0,,,0.0
272,,,0.0,,,0.0,517.882,300.962,0.9639999866485596,,,0.0,505.763,322.046,0.9950000047683716,516.726,340.061,0.6449999809265137,,,0.0,,,0.0,,,0.0,,,0.0,,,0.0,,,0.0,,,0.0,,,0.0,,,0.0,,,0.0,,,0.0,,,0.0
273,,,,,,,,,,,,,,,,,,,,,,,,,,,,,,,,,,,,,,,,,,,,,,,,,,,,,,
274,,,,,,,,,,,,,,,,,,,,,,,,,,,,,,,,,,,,,,,,,,,,,,,,,,,,,,
275,,,,,,,,,,,,,,,,,,,,,,,,,,,,,,,,,,,,,,,,,,,,,,,,,,,,,,
276,,,,,,,,,,,,,,,,,,,,,,,,,,,,,,,,,,,,,,,,,,,,,,,,,,,,,,
277,,,,,,,,,,,,,,,,,,,,,,,,,,,,,,,,,,,,,,,,,,,,,,,,,,,,,,
278,,,,,,,,,,,,,,,,,,,,,,,,,,,,,,,,,,,,,,,,,,,,,,,,,,,,,,
279,,,,,,,,,,,,,,,,,,,,,,,,,,,,,,,,,,,,,,,,,,,,,,,,,,,,,,
280,,,,,,,,,,,,,,,,,,,,,,,,,,,,,,,,,,,,,,,,,,,,,,,,,,,,,,
281,,,,,,,,,,,,,,,,,,,,,,,,,,,,,,,,,,,,,,,,,,,,,,,,,,,,,,
282,,,,,,,,,,,,,,,,,,,,,,,,,,,,,,,,,,,,,,,,,,,,,,,,,,,,,,
283,,,,,,,,,,,,,,,,,,,,,,,,,,,,,,,,,,,,,,,,,,,,,,,,,,,,,,
284,,,,,,,,,,,,,,,,,,,,,,,,,,,,,,,,,,,,,,,,,,,,,,,,,,,,,,
285,,,,,,,,,,,,,,,,,,,,,,,,,,,,,,,,,,,,,,,,,,,,,,,,,,,,,,
286,,,,,,,,,,,,,,,,,,,,,,,,,,,,,,,,,,,,,,,,,,,,,,,,,,,,,,
287,,,,,,,,,,,,,,,,,,,,,,,,,,,,,,,,,,,,,,,,,,,,,,,,,,,,,,
288,,,,,,,,,,,,,,,,,,,,,,,,,,,,,,,,,,,,,,,,,,,,,,,,,,,,,,
289,,,,,,,,,,,,,,,,,,,,,,,,,,,,,,,,,,,,,,,,,,,,,,,,,,,,,,
290,,,,,,,,,,,,,,,,,,,,,,,,,,,,,,,,,,,,,,,,,,,,,,,,,,,,,,
291,,,,,,,,,,,,,,,,,,,,,,,,,,,,,,,,,,,,,,,,,,,,,,,,,,,,,,
292,,,,,,,,,,,,,,,,,,,,,,,,,,,,,,,,,,,,,,,,,,,,,,,,,,,,,,
293,,,,,,,,,,,,,,,,,,,,,,,,,,,,,,,,,,,,,,,,,,,,,,,,,,,,,,
294,,,,,,,,,,,,,,,,,,,,,,,,,,,,,,,,,,,,,,,,,,,,,,,,,,,,,,
295,,,,,,,,,,,,,,,,,,,,,,,,,,,,,,,,,,,,,,,,,,,,,,,,,,,,,,
296,,,,,,,,,,,,,,,,,,,,,,,,,,,,,,,,,,,,,,,,,,,,,,,,,,,,,,
297,,,,,,,,,,,,,,,,,,,,,,,,,,,,,,,,,,,,,,,,,,,,,,,,,,,,,,
298,,,,,,,,,,,,,,,,,,,,,,,,,,,,,,,,,,,,,,,,,,,,,,,,,,,,,,
299,,,,,,,,,,,,,,,,,,,,,,,,,,,,,,,,,,,,,,,,,,,,,,,,,,,,,,
300,,,,,,,,,,,,,,,,,,,,,,,,,,,,,,,,,,,,,,,,,,,,,,,,,,,,,,
301,,,,,,,,,,,,,,,,,,,,,,,,,,,,,,,,,,,,,,,,,,,,,,,,,,,,,,
302,,,,,,,,,,,,,,,,,,,,,,,,,,,,,,,,,,,,,,,,,,,,,,,,,,,,,,
303,,,,,,,,,,,,,,,,,,,,,,,,,,,,,,,,,,,,,,,,,,,,,,,,,,,,,,
304,,,,,,,,,,,,,,,,,,,,,,,,,,,,,,,,,,,,,,,,,,,,,,,,,,,,,,
305,,,,,,,,,,,,,,,,,,,,,,,,,,,,,,,,,,,,,,,,,,,,,,,,,,,,,,
306,,,,,,,,,,,,,,,,,,,,,,,,,,,,,,,,,,,,,,,,,,,,,,,,,,,,,,
307,,,,,,,,,,,,,,,,,,,,,,,,,,,,,,,,,,,,,,,,,,,,,,,,,,,,,,
308,,,,,,,,,,,,,,,,,,,,,,,,,,,,,,,,,,,,,,,,,,,,,,,,,,,,,,
309,,,,,,,,,,,,,,,,,,,,,,,,,,,,,,,,,,,,,,,,,,,,,,,,,,,,,,
310,,,,,,,,,,,,,,,,,,,,,,,,,,,,,,,,,,,,,,,,,,,,,,,,,,,,,,
311,,,,,,,,,,,,,,,,,,,,,,,,,,,,,,,,,,,,,,,,,,,,,,,,,,,,,,
312,,,,,,,,,,,,,,,,,,,,,,,,,,,,,,,,,,,,,,,,,,,,,,,,,,,,,,
313,,,,,,,,,,,,,,,,,,,,,,,,,,,,,,,,,,,,,,,,,,,,,,,,,,,,,,
314,,,,,,,,,,,,,,,,,,,,,,,,,,,,,,,,,,,,,,,,,,,,,,,,,,,,,,
315,,,,,,,,,,,,,,,,,,,,,,,,,,,,,,,,,,,,,,,,,,,,,,,,,,,,,,
316,,,,,,,,,,,,,,,,,,,,,,,,,,,,,,,,,,,,,,,,,,,,,,,,,,,,,,
317,,,,,,,,,,,,,,,,,,,,,,,,,,,,,,,,,,,,,,,,,,,,,,,,,,,,,,
318,,,,,,,,,,,,,,,,,,,,,,,,,,,,,,,,,,,,,,,,,,,,,,,,,,,,,,
319,,,,,,,,,,,,,,,,,,,,,,,,,,,,,,,,,,,,,,,,,,,,,,,,,,,,,,
320,,,,,,,,,,,,,,,,,,,,,,,,,,,,,,,,,,,,,,,,,,,,,,,,,,,,,,
321,,,,,,,,,,,,,,,,,,,,,,,,,,,,,,,,,,,,,,,,,,,,,,,,,,,,,,
322,,,,,,,,,,,,,,,,,,,,,,,,,,,,,,,,,,,,,,,,,,,,,,,,,,,,,,
323,,,,,,,,,,,,,,,,,,,,,,,,,,,,,,,,,,,,,,,,,,,,,,,,,,,,,,
324,,,,,,,,,,,,,,,,,,,,,,,,,,,,,,,,,,,,,,,,,,,,,,,,,,,,,,
325,,,,,,,,,,,,,,,,,,,,,,,,,,,,,,,,,,,,,,,,,,,,,,,,,,,,,,
326,,,,,,,,,,,,,,,,,,,,,,,,,,,,,,,,,,,,,,,,,,,,,,,,,,,,,,
327,,,,,,,,,,,,,,,,,,,,,,,,,,,,,,,,,,,,,,,,,,,,,,,,,,,,,,
328,,,,,,,,,,,,,,,,,,,,,,,,,,,,,,,,,,,,,,,,,,,,,,,,,,,,,,
329,,,,,,,,,,,,,,,,,,,,,,,,,,,,,,,,,,,,,,,,,,,,,,,,,,,,,,
330,,,,,,,,,,,,,,,,,,,,,,,,,,,,,,,,,,,,,,,,,,,,,,,,,,,,,,
331,,,,,,,,,,,,,,,,,,,,,,,,,,,,,,,,,,,,,,,,,,,,,,,,,,,,,,
332,,,,,,,,,,,,,,,,,,,,,,,,,,,,,,,,,,,,,,,,,,,,,,,,,,,,,,
333,,,,,,,,,,,,,,,,,,,,,,,,,,,,,,,,,,,,,,,,,,,,,,,,,,,,,,
334,,,,,,,,,,,,,,,,,,,,,,,,,,,,,,,,,,,,,,,,,,,,,,,,,,,,,,
335,,,,,,,,,,,,,,,,,,,,,,,,,,,,,,,,,,,,,,,,,,,,,,,,,,,,,,
336,,,,,,,,,,,,,,,,,,,,,,,,,,,,,,,,,,,,,,,,,,,,,,,,,,,,,,
337,,,,,,,,,,,,,,,,,,,,,,,,,,,,,,,,,,,,,,,,,,,,,,,,,,,,,,
338,,,,,,,,,,,,,,,,,,,,,,,,,,,,,,,,,,,,,,,,,,,,,,,,,,,,,,
339,,,,,,,,,,,,,,,,,,,,,,,,,,,,,,,,,,,,,,,,,,,,,,,,,,,,,,
340,,,,,,,,,,,,,,,,,,,,,,,,,,,,,,,,,,,,,,,,,,,,,,,,,,,,,,
341,,,,,,,,,,,,,,,,,,,,,,,,,,,,,,,,,,,,,,,,,,,,,,,,,,,,,,
342,,,,,,,,,,,,,,,,,,,,,,,,,,,,,,,,,,,,,,,,,,,,,,,,,,,,,,
343,,,,,,,,,,,,,,,,,,,,,,,,,,,,,,,,,,,,,,,,,,,,,,,,,,,,,,
344,,,,,,,,,,,,,,,,,,,,,,,,,,,,,,,,,,,,,,,,,,,,,,,,,,,,,,
345,,,,,,,,,,,,,,,,,,,,,,,,,,,,,,,,,,,,,,,,,,,,,,,,,,,,,,
346,,,,,,,,,,,,,,,,,,,,,,,,,,,,,,,,,,,,,,,,,,,,,,,,,,,,,,
347,,,,,,,,,,,,,,,,,,,,,,,,,,,,,,,,,,,,,,,,,,,,,,,,,,,,,,
348,,,,,,,,,,,,,,,,,,,,,,,,,,,,,,,,,,,,,,,,,,,,,,,,,,,,,,
349,,,,,,,,,,,,,,,,,,,,,,,,,,,,,,,,,,,,,,,,,,,,,,,,,,,,,,
350,,,,,,,,,,,,,,,,,,,,,,,,,,,,,,,,,,,,,,,,,,,,,,,,,,,,,,
351,,,,,,,,,,,,,,,,,,,,,,,,,,,,,,,,,,,,,,,,,,,,,,,,,,,,,,
352,,,,,,,,,,,,,,,,,,,,,,,,,,,,,,,,,,,,,,,,,,,,,,,,,,,,,,
353,,,,,,,,,,,,,,,,,,,,,,,,,,,,,,,,,,,,,,,,,,,,,,,,,,,,,,
354,,,,,,,,,,,,,,,,,,,,,,,,,,,,,,,,,,,,,,,,,,,,,,,,,,,,,,
355,,,,,,,,,,,,,,,,,,,,,,,,,,,,,,,,,,,,,,,,,,,,,,,,,,,,,,
356,,,,,,,,,,,,,,,,,,,,,,,,,,,,,,,,,,,,,,,,,,,,,,,,,,,,,,
357,,,,,,,,,,,,,,,,,,,,,,,,,,,,,,,,,,,,,,,,,,,,,,,,,,,,,,
358,,,,,,,,,,,,,,,,,,,,,,,,,,,,,,,,,,,,,,,,,,,,,,,,,,,,,,
359,,,,,,,,,,,,,,,,,,,,,,,,,,,,,,,,,,,,,,,,,,,,,,,,,,,,,,
360,,,,,,,,,,,,,,,,,,,,,,,,,,,,,,,,,,,,,,,,,,,,,,,,,,,,,,
361,,,,,,,,,,,,,,,,,,,,,,,,,,,,,,,,,,,,,,,,,,,,,,,,,,,,,,
362,,,,,,,,,,,,,,,,,,,,,,,,,,,,,,,,,,,,,,,,,,,,,,,,,,,,,,
363,,,,,,,,,,,,,,,,,,,,,,,,,,,,,,,,,,,,,,,,,,,,,,,,,,,,,,
364,,,,,,,,,,,,,,,,,,,,,,,,,,,,,,,,,,,,,,,,,,,,,,,,,,,,,,
365,,,,,,,,,,,,,,,,,,,,,,,,,,,,,,,,,,,,,,,,,,,,,,,,,,,,,,
366,,,,,,,,,,,,,,,,,,,,,,,,,,,,,,,,,,,,,,,,,,,,,,,,,,,,,,
367,,,,,,,,,,,,,,,,,,,,,,,,,,,,,,,,,,,,,,,,,,,,,,,,,,,,,,
368,,,,,,,,,,,,,,,,,,,,,,,,,,,,,,,,,,,,,,,,,,,,,,,,,,,,,,
369,,,,,,,,,,,,,,,,,,,,,,,,,,,,,,,,,,,,,,,,,,,,,,,,,,,,,,
370,,,,,,,,,,,,,,,,,,,,,,,,,,,,,,,,,,,,,,,,,,,,,,,,,,,,,,
371,,,,,,,,,,,,,,,,,,,,,,,,,,,,,,,,,,,,,,,,,,,,,,,,,,,,,,
372,,,,,,,,,,,,,,,,,,,,,,,,,,,,,,,,,,,,,,,,,,,,,,,,,,,,,,
373,,,,,,,,,,,,,,,,,,,,,,,,,,,,,,,,,,,,,,,,,,,,,,,,,,,,,,
374,,,,,,,,,,,,,,,,,,,,,,,,,,,,,,,,,,,,,,,,,,,,,,,,,,,,,,
375,,,,,,,,,,,,,,,,,,,,,,,,,,,,,,,,,,,,,,,,,,,,,,,,,,,,,,
376,,,,,,,,,,,,,,,,,,,,,,,,,,,,,,,,,,,,,,,,,,,,,,,,,,,,,,
377,,,,,,,,,,,,,,,,,,,,,,,,,,,,,,,,,,,,,,,,,,,,,,,,,,,,,,
378,,,,,,,,,,,,,,,,,,,,,,,,,,,,,,,,,,,,,,,,,,,,,,,,,,,,,,
379,,,,,,,,,,,,,,,,,,,,,,,,,,,,,,,,,,,,,,,,,,,,,,,,,,,,,,
380,,,,,,,,,,,,,,,,,,,,,,,,,,,,,,,,,,,,,,,,,,,,,,,,,,,,,,
381,,,,,,,,,,,,,,,,,,,,,,,,,,,,,,,,,,,,,,,,,,,,,,,,,,,,,,
382,,,,,,,,,,,,,,,,,,,,,,,,,,,,,,,,,,,,,,,,,,,,,,,,,,,,,,
383,,,,,,,,,,,,,,,,,,,,,,,,,,,,,,,,,,,,,,,,,,,,,,,,,,,,,,
384,,,,,,,,,,,,,,,,,,,,,,,,,,,,,,,,,,,,,,,,,,,,,,,,,,,,,,
385,,,,,,,,,,,,,,,,,,,,,,,,,,,,,,,,,,,,,,,,,,,,,,,,,,,,,,
386,,,,,,,,,,,,,,,,,,,,,,,,,,,,,,,,,,,,,,,,,,,,,,,,,,,,,,
387,,,,,,,,,,,,,,,,,,,,,,,,,,,,,,,,,,,,,,,,,,,,,,,,,,,,,,
388,,,,,,,,,,,,,,,,,,,,,,,,,,,,,,,,,,,,,,,,,,,,,,,,,,,,,,
389,,,,,,,,,,,,,,,,,,,,,,,,,,,,,,,,,,,,,,,,,,,,,,,,,,,,,,
390,,,,,,,,,,,,,,,,,,,,,,,,,,,,,,,,,,,,,,,,,,,,,,,,,,,,,,
391,,,,,,,,,,,,,,,,,,,,,,,,,,,,,,,,,,,,,,,,,,,,,,,,,,,,,,
392,,,,,,,,,,,,,,,,,,,,,,,,,,,,,,,,,,,,,,,,,,,,,,,,,,,,,,
393,,,,,,,,,,,,,,,,,,,,,,,,,,,,,,,,,,,,,,,,,,,,,,,,,,,,,,
394,,,,,,,,,,,,,,,,,,,,,,,,,,,,,,,,,,,,,,,,,,,,,,,,,,,,,,
395,,,,,,,,,,,,,,,,,,,,,,,,,,,,,,,,,,,,,,,,,,,,,,,,,,,,,,
396,,,,,,,,,,,,,,,,,,,,,,,,,,,,,,,,,,,,,,,,,,,,,,,,,,,,,,
397,,,,,,,,,,,,,,,,,,,,,,,,,,,,,,,,,,,,,,,,,,,,,,,,,,,,,,
398,,,,,,,,,,,,,,,,,,,,,,,,,,,,,,,,,,,,,,,,,,,,,,,,,,,,,,
399,,,,,,,,,,,,,,,,,,,,,,,,,,,,,,,,,,,,,,,,,,,,,,,,,,,,,,
400,,,,,,,,,,,,,,,,,,,,,,,,,,,,,,,,,,,,,,,,,,,,,,,,,,,,,,
401,,,,,,,,,,,,,,,,,,,,,,,,,,,,,,,,,,,,,,,,,,,,,,,,,,,,,,
402,,,,,,,,,,,,,,,,,,,,,,,,,,,,,,,,,,,,,,,,,,,,,,,,,,,,,,
403,,,,,,,,,,,,,,,,,,,,,,,,,,,,,,,,,,,,,,,,,,,,,,,,,,,,,,
404,,,,,,,,,,,,,,,,,,,,,,,,,,,,,,,,,,,,,,,,,,,,,,,,,,,,,,
405,,,,,,,,,,,,,,,,,,,,,,,,,,,,,,,,,,,,,,,,,,,,,,,,,,,,,,
406,,,,,,,,,,,,,,,,,,,,,,,,,,,,,,,,,,,,,,,,,,,,,,,,,,,,,,
407,,,,,,,,,,,,,,,,,,,,,,,,,,,,,,,,,,,,,,,,,,,,,,,,,,,,,,
408,,,,,,,,,,,,,,,,,,,,,,,,,,,,,,,,,,,,,,,,,,,,,,,,,,,,,,
409,,,,,,,,,,,,,,,,,,,,,,,,,,,,,,,,,,,,,,,,,,,,,,,,,,,,,,
410,,,,,,,,,,,,,,,,,,,,,,,,,,,,,,,,,,,,,,,,,,,,,,,,,,,,,,
411,,,,,,,,,,,,,,,,,,,,,,,,,,,,,,,,,,,,,,,,,,,,,,,,,,,,,,
412,,,,,,,,,,,,,,,,,,,,,,,,,,,,,,,,,,,,,,,,,,,,,,,,,,,,,,
413,,,,,,,,,,,,,,,,,,,,,,,,,,,,,,,,,,,,,,,,,,,,,,,,,,,,,,
414,,,,,,,,,,,,,,,,,,,,,,,,,,,,,,,,,,,,,,,,,,,,,,,,,,,,,,
415,,,,,,,,,,,,,,,,,,,,,,,,,,,,,,,,,,,,,,,,,,,,,,,,,,,,,,
416,,,,,,,,,,,,,,,,,,,,,,,,,,,,,,,,,,,,,,,,,,,,,,,,,,,,,,
417,,,,,,,,,,,,,,,,,,,,,,,,,,,,,,,,,,,,,,,,,,,,,,,,,,,,,,
418,,,,,,,,,,,,,,,,,,,,,,,,,,,,,,,,,,,,,,,,,,,,,,,,,,,,,,
419,,,,,,,,,,,,,,,,,,,,,,,,,,,,,,,,,,,,,,,,,,,,,,,,,,,,,,
420,,,,,,,,,,,,,,,,,,,,,,,,,,,,,,,,,,,,,,,,,,,,,,,,,,,,,,
421,,,,,,,,,,,,,,,,,,,,,,,,,,,,,,,,,,,,,,,,,,,,,,,,,,,,,,
422,,,,,,,,,,,,,,,,,,,,,,,,,,,,,,,,,,,,,,,,,,,,,,,,,,,,,,
423,,,,,,,,,,,,,,,,,,,,,,,,,,,,,,,,,,,,,,,,,,,,,,,,,,,,,,
424,,,,,,,,,,,,,,,,,,,,,,,,,,,,,,,,,,,,,,,,,,,,,,,,,,,,,,
425,,,,,,,,,,,,,,,,,,,,,,,,,,,,,,,,,,,,,,,,,,,,,,,,,,,,,,
426,,,,,,,,,,,,,,,,,,,,,,,,,,,,,,,,,,,,,,,,,,,,,,,,,,,,,,
427,,,,,,,,,,,,,,,,,,,,,,,,,,,,,,,,,,,,,,,,,,,,,,,,,,,,,,
428,,,,,,,,,,,,,,,,,,,,,,,,,,,,,,,,,,,,,,,,,,,,,,,,,,,,,,
429,,,,,,,,,,,,,,,,,,,,,,,,,,,,,,,,,,,,,,,,,,,,,,,,,,,,,,
430,,,,,,,,,,,,,,,,,,,,,,,,,,,,,,,,,,,,,,,,,,,,,,,,,,,,,,
431,,,,,,,,,,,,,,,,,,,,,,,,,,,,,,,,,,,,,,,,,,,,,,,,,,,,,,
432,,,,,,,,,,,,,,,,,,,,,,,,,,,,,,,,,,,,,,,,,,,,,,,,,,,,,,
433,,,,,,,,,,,,,,,,,,,,,,,,,,,,,,,,,,,,,,,,,,,,,,,,,,,,,,
434,,,,,,,,,,,,,,,,,,,,,,,,,,,,,,,,,,,,,,,,,,,,,,,,,,,,,,
435,,,,,,,,,,,,,,,,,,,,,,,,,,,,,,,,,,,,,,,,,,,,,,,,,,,,,,
436,,,,,,,,,,,,,,,,,,,,,,,,,,,,,,,,,,,,,,,,,,,,,,,,,,,,,,
437,,,,,,,,,,,,,,,,,,,,,,,,,,,,,,,,,,,,,,,,,,,,,,,,,,,,,,
438,,,,,,,,,,,,,,,,,,,,,,,,,,,,,,,,,,,,,,,,,,,,,,,,,,,,,,
439,,,,,,,,,,,,,,,,,,,,,,,,,,,,,,,,,,,,,,,,,,,,,,,,,,,,,,
440,,,,,,,,,,,,,,,,,,,,,,,,,,,,,,,,,,,,,,,,,,,,,,,,,,,,,,
441,,,,,,,,,,,,,,,,,,,,,,,,,,,,,,,,,,,,,,,,,,,,,,,,,,,,,,
442,,,,,,,,,,,,,,,,,,,,,,,,,,,,,,,,,,,,,,,,,,,,,,,,,,,,,,
443,,,,,,,,,,,,,,,,,,,,,,,,,,,,,,,,,,,,,,,,,,,,,,,,,,,,,,
444,557.289,221.059,0.9459999799728394,,,0.0,507.024,268.887,0.7900000214576721,,,0.0,475.978,283.839,0.925000011920929,532.263,299.724,0.12800000607967377,,,0.0,,,0.0,,,0.0,,,0.0,,,0.0,,,0.0,,,0.0,,,0.0,,,0.0,,,0.0,,,0.0,,,0.0
445,,,0.0,,,0.0,516.62,252.36,0.8880000114440918,,,0.0,467.581,277.041,0.9869999885559082,524.583,299.805,0.40400001406669617,,,0.0,,,0.0,,,0.0,,,0.0,,,0.0,,,0.0,,,0.0,,,0.0,,,0.0,,,0.0,,,0.0,,,0.0
446,539.657,244.348,0.5740000009536743,,,0.0,499.59,252.286,0.8259999752044678,,,0.0,469.162,275.572,0.7210000157356262,524.334,307.763,0.4580000042915344,,,0.0,,,0.0,,,0.0,,,0.0,,,0.0,,,0.0,,,0.0,,,0.0,,,0.0,,,0.0,,,0.0,,,0.0
447,539.335,233.67,0.49799999594688416,,,0.0,,,0.0,,,0.0,476.674,269.035,0.4090000092983246,532.658,300.122,0.4189999997615814,,,0.0,,,0.0,,,0.0,,,0.0,,,0.0,,,0.0,,,0.0,,,0.0,,,0.0,,,0.0,,,0.0,,,0.0
448,539.783,234.035,0.3100000023841858,,,0.0,,,0.0,,,0.0,470.22,268.144,0.8999999761581421,531.984,300.115,0.3310000002384186,,,0.0,,,0.0,,,0.0,,,0.0,,,0.0,,,0.0,,,0.0,,,0.0,,,0.0,,,0.0,,,0.0,,,0.0
449,,,,,,,,,,,,,,,,,,,,,,,,,,,,,,,,,,,,,,,,,,,,,,,,,,,,,,
450,,,,,,,,,,,,,,,,,,,,,,,,,,,,,,,,,,,,,,,,,,,,,,,,,,,,,,
451,539.27,228.908,0.47600001096725464,,,0.0,506.936,237.512,0.9620000123977661,,,0.0,469.654,251.661,0.9229999780654907,532.287,291.732,0.47999998927116394,,,0.0,,,0.0,,,0.0,,,0.0,,,0.0,,,0.0,,,0.0,,,0.0,,,0.0,,,0.0,,,0.0,,,0.0
452,,,,,,,,,,,,,,,,,,,,,,,,,,,,,,,,,,,,,,,,,,,,,,,,,,,,,,
453,,,,,,,,,,,,,,,,,,,,,,,,,,,,,,,,,,,,,,,,,,,,,,,,,,,,,,
454,,,,,,,,,,,,,,,,,,,,,,,,,,,,,,,,,,,,,,,,,,,,,,,,,,,,,,
455,539.628,227.369,0.625,,,0.0,506.481,236.307,0.9610000252723694,,,0.0,476.205,250.761,0.765999972820282,540.368,293.509,0.8600000143051147,,,0.0,,,0.0,,,0.0,,,0.0,,,0.0,,,0.0,,,0.0,,,0.0,,,0.0,,,0.0,,,0.0,,,0.0
456,,,,,,,,,,,,,,,,,,,,,,,,,,,,,,,,,,,,,,,,,,,,,,,,,,,,,,
457,,,,,,,,,,,,,,,,,,,,,,,,,,,,,,,,,,,,,,,,,,,,,,,,,,,,,,
458,,,,,,,,,,,,,,,,,,,,,,,,,,,,,,,,,,,,,,,,,,,,,,,,,,,,,,
459,,,,,,,,,,,,,,,,,,,,,,,,,,,,,,,,,,,,,,,,,,,,,,,,,,,,,,
460,,,,,,,,,,,,,,,,,,,,,,,,,,,,,,,,,,,,,,,,,,,,,,,,,,,,,,
461,,,,,,,,,,,,,,,,,,,,,,,,,,,,,,,,,,,,,,,,,,,,,,,,,,,,,,
462,,,,,,,,,,,,,,,,,,,,,,,,,,,,,,,,,,,,,,,,,,,,,,,,,,,,,,
463,554.239,131.568,0.9990000128746033,458.728,123.63,0.14100000262260437,,,0.0,,,0.0,,,0.0,530.455,252.018,0.5400000214576721,,,0.0,,,0.0,,,0.0,,,0.0,,,0.0,,,0.0,,,0.0,,,0.0,,,0.0,,,0.0,,,0.0,,,0.0
464,,,,,,,,,,,,,,,,,,,,,,,,,,,,,,,,,,,,,,,,,,,,,,,,,,,,,,
465,,,,,,,,,,,,,,,,,,,,,,,,,,,,,,,,,,,,,,,,,,,,,,,,,,,,,,
466,,,,,,,,,,,,,,,,,,,,,,,,,,,,,,,,,,,,,,,,,,,,,,,,,,,,,,
467,546.584,108.172,0.996999979019165,,,0.0,,,0.0,,,0.0,442.811,179.729,0.949999988079071,516.06,195.923,0.15399999916553497,,,0.0,,,0.0,,,0.0,,,0.0,,,0.0,,,0.0,,,0.0,,,0.0,,,0.0,,,0.0,,,0.0,,,0.0
468,,,,,,,,,,,,,,,,,,,,,,,,,,,,,,,,,,,,,,,,,,,,,,,,,,,,,,
469,539.385,98.658,0.9940000176429749,,,0.0,,,0.0,,,0.0,442.15,165.845,0.8339999914169312,515.378,188.602,0.9639999866485596,,,0.0,,,0.0,,,0.0,,,0.0,,,0.0,,,0.0,,,0.0,,,0.0,,,0.0,,,0.0,,,0.0,,,0.0
470,500.337,130.975,0.19200000166893005,,,0.0,,,0.0,,,0.0,442.454,162.979,0.968999981880188,514.727,194.462,0.9139999747276306,,,0.0,,,0.0,,,0.0,,,0.0,,,0.0,,,0.0,,,0.0,,,0.0,,,0.0,,,0.0,,,0.0,,,0.0
471,538.875,85.166,0.9900000095367432,,,0.0,474.865,125.465,0.8270000219345093,,,0.0,444.338,154.927,0.9919999837875366,508.167,188.104,0.2540000081062317,,,0.0,,,0.0,,,0.0,,,0.0,,,0.0,,,0.0,,,0.0,,,0.0,,,0.0,,,0.0,,,0.0,,,0.0
472,538.511,93.193,0.9929999709129333,,,0.0,474.397,132.304,0.574999988079071,,,0.0,443.634,155.289,0.9670000076293945,508.382,194.569,0.7020000219345093,,,0.0,,,0.0,,,0.0,,,0.0,,,0.0,,,0.0,,,0.0,,,0.0,,,0.0,,,0.0,,,0.0,,,0.0
473,532.991,76.613,0.9760000109672546,,,0.0,474.258,125.413,0.9079999923706055,,,0.0,443.265,149.887,0.9990000128746033,516.358,188.038,0.3449999988079071,,,0.0,,,0.0,,,0.0,,,0.0,,,0.0,,,0.0,,,0.0,,,0.0,,,0.0,,,0.0,,,0.0,,,0.0
474,531.77,76.736,0.9909999966621399,,,0.0,474.357,125.938,0.9369999766349792,,,0.0,444.607,149.627,1.0,515.601,188.015,0.5189999938011169,,,0.0,,,0.0,,,0.0,,,0.0,,,0.0,,,0.0,,,0.0,,,0.0,,,0.0,,,0.0,,,0.0,,,0.0
475,532.609,81.6,0.9929999709129333,,,0.0,474.829,131.66,0.9810000061988831,,,0.0,449.872,156.359,0.9990000128746033,515.876,188.012,0.2800000011920929,,,0.0,,,0.0,,,0.0,,,0.0,,,0.0,,,0.0,,,0.0,,,0.0,,,0.0,,,0.0,,,0.0,,,0.0
476,532.949,92.661,0.9980000257492065,,,0.0,474.712,141.411,0.9649999737739563,,,0.0,446.031,164.287,0.9990000128746033,516.007,196.034,0.17100000381469727,,,0.0,,,0.0,,,0.0,,,0.0,,,0.0,,,0.0,,,0.0,,,0.0,,,0.0,,,0.0,,,0.0,,,0.0
477,530.331,98.194,0.9959999918937683,,,0.0,474.052,147.614,0.9810000061988831,,,0.0,438.481,172.819,0.9980000257492065,508.395,211.793,0.4300000071525574,,,0.0,,,0.0,,,0.0,,,0.0,,,0.0,,,0.0,,,0.0,,,0.0,,,0.0,,,0.0,,,0.0,,,0.0
478,531.499,96.774,0.9980000257492065,,,0.0,474.022,146.399,0.9760000109672546,,,0.0,444.516,172.594,0.9980000257492065,516.054,212.059,0.210999995470047,,,0.0,,,0.0,,,0.0,,,0.0,,,0.0,,,0.0,,,0.0,,,0.0,,,0.0,,,0.0,,,0.0,,,0.0
479,530.648,107.825,0.9980000257492065,,,0.0,469.503,157.092,0.9549999833106995,,,0.0,437.499,179.375,0.9990000128746033,508.289,204.24,0.5440000295639038,,,0.0,,,0.0,,,0.0,,,0.0,,,0.0,,,0.0,,,0.0,,,0.0,,,0.0,,,0.0,,,0.0,,,0.0
480,529.356,115.14,0.9959999918937683,,,0.0,468.334,163.109,0.9769999980926514,,,0.0,438.513,186.992,0.9950000047683716,499.964,212.189,0.24300000071525574,,,0.0,,,0.0,,,0.0,,,0.0,,,0.0,,,0.0,,,0.0,,,0.0,,,0.0,,,0.0,,,0.0,,,0.0
481,529.761,123.399,0.9990000128746033,,,0.0,468.281,172.12,0.7609999775886536,,,0.0,444.061,188.2,0.9409999847412109,508.423,219.708,0.4449999928474426,,,0.0,,,0.0,,,0.0,,,0.0,,,0.0,,,0.0,,,0.0,,,0.0,,,0.0,,,0.0,,,0.0,,,0.0
482,,,,,,,,,,,,,,,,,,,,,,,,,,,,,,,,,,,,,,,,,,,,,,,,,,,,,,
483,,,,,,,,,,,,,,,,,,,,,,,,,,,,,,,,,,,,,,,,,,,,,,,,,,,,,,
484,,,,,,,,,,,,,,,,,,,,,,,,,,,,,,,,,,,,,,,,,,,,,,,,,,,,,,
485,,,,,,,,,,,,,,,,,,,,,,,,,,,,,,,,,,,,,,,,,,,,,,,,,,,,,,
486,,,,,,,,,,,,,,,,,,,,,,,,,,,,,,,,,,,,,,,,,,,,,,,,,,,,,,
487,,,,,,,,,,,,,,,,,,,,,,,,,,,,,,,,,,,,,,,,,,,,,,,,,,,,,,
488,,,,,,,,,,,,,,,,,,,,,,,,,,,,,,,,,,,,,,,,,,,,,,,,,,,,,,
489,,,,,,,,,,,,,,,,,,,,,,,,,,,,,,,,,,,,,,,,,,,,,,,,,,,,,,
490,,,,,,,,,,,,,,,,,,,,,,,,,,,,,,,,,,,,,,,,,,,,,,,,,,,,,,
491,,,,,,,,,,,,,,,,,,,,,,,,,,,,,,,,,,,,,,,,,,,,,,,,,,,,,,
492,,,,,,,,,,,,,,,,,,,,,,,,,,,,,,,,,,,,,,,,,,,,,,,,,,,,,,
493,,,,,,,,,,,,,,,,,,,,,,,,,,,,,,,,,,,,,,,,,,,,,,,,,,,,,,
494,,,,,,,,,,,,,,,,,,,,,,,,,,,,,,,,,,,,,,,,,,,,,,,,,,,,,,
495,,,,,,,,,,,,,,,,,,,,,,,,,,,,,,,,,,,,,,,,,,,,,,,,,,,,,,
496,,,,,,,,,,,,,,,,,,,,,,,,,,,,,,,,,,,,,,,,,,,,,,,,,,,,,,
497,,,,,,,,,,,,,,,,,,,,,,,,,,,,,,,,,,,,,,,,,,,,,,,,,,,,,,
498,,,,,,,,,,,,,,,,,,,,,,,,,,,,,,,,,,,,,,,,,,,,,,,,,,,,,,
499,,,,,,,,,,,,,,,,,,,,,,,,,,,,,,,,,,,,,,,,,,,,,,,,,,,,,,
500,,,,,,,,,,,,,,,,,,,,,,,,,,,,,,,,,,,,,,,,,,,,,,,,,,,,,,
501,,,,,,,,,,,,,,,,,,,,,,,,,,,,,,,,,,,,,,,,,,,,,,,,,,,,,,
502,,,,,,,,,,,,,,,,,,,,,,,,,,,,,,,,,,,,,,,,,,,,,,,,,,,,,,
503,,,,,,,,,,,,,,,,,,,,,,,,,,,,,,,,,,,,,,,,,,,,,,,,,,,,,,
504,,,,,,,,,,,,,,,,,,,,,,,,,,,,,,,,,,,,,,,,,,,,,,,,,,,,,,
505,,,,,,,,,,,,,,,,,,,,,,,,,,,,,,,,,,,,,,,,,,,,,,,,,,,,,,
506,,,,,,,,,,,,,,,,,,,,,,,,,,,,,,,,,,,,,,,,,,,,,,,,,,,,,,
507,,,,,,,,,,,,,,,,,,,,,,,,,,,,,,,,,,,,,,,,,,,,,,,,,,,,,,
508,,,,,,,,,,,,,,,,,,,,,,,,,,,,,,,,,,,,,,,,,,,,,,,,,,,,,,
509,,,,,,,,,,,,,,,,,,,,,,,,,,,,,,,,,,,,,,,,,,,,,,,,,,,,,,
510,,,,,,,,,,,,,,,,,,,,,,,,,,,,,,,,,,,,,,,,,,,,,,,,,,,,,,
511,,,,,,,,,,,,,,,,,,,,,,,,,,,,,,,,,,,,,,,,,,,,,,,,,,,,,,
512,,,,,,,,,,,,,,,,,,,,,,,,,,,,,,,,,,,,,,,,,,,,,,,,,,,,,,
513,,,,,,,,,,,,,,,,,,,,,,,,,,,,,,,,,,,,,,,,,,,,,,,,,,,,,,
514,,,,,,,,,,,,,,,,,,,,,,,,,,,,,,,,,,,,,,,,,,,,,,,,,,,,,,
515,,,,,,,,,,,,,,,,,,,,,,,,,,,,,,,,,,,,,,,,,,,,,,,,,,,,,,
516,,,,,,,,,,,,,,,,,,,,,,,,,,,,,,,,,,,,,,,,,,,,,,,,,,,,,,
517,,,,,,,,,,,,,,,,,,,,,,,,,,,,,,,,,,,,,,,,,,,,,,,,,,,,,,
518,,,,,,,,,,,,,,,,,,,,,,,,,,,,,,,,,,,,,,,,,,,,,,,,,,,,,,
519,,,,,,,,,,,,,,,,,,,,,,,,,,,,,,,,,,,,,,,,,,,,,,,,,,,,,,
520,,,,,,,,,,,,,,,,,,,,,,,,,,,,,,,,,,,,,,,,,,,,,,,,,,,,,,
521,,,,,,,,,,,,,,,,,,,,,,,,,,,,,,,,,,,,,,,,,,,,,,,,,,,,,,
522,,,,,,,,,,,,,,,,,,,,,,,,,,,,,,,,,,,,,,,,,,,,,,,,,,,,,,
523,,,,,,,,,,,,,,,,,,,,,,,,,,,,,,,,,,,,,,,,,,,,,,,,,,,,,,
524,,,,,,,,,,,,,,,,,,,,,,,,,,,,,,,,,,,,,,,,,,,,,,,,,,,,,,
525,,,,,,,,,,,,,,,,,,,,,,,,,,,,,,,,,,,,,,,,,,,,,,,,,,,,,,
526,,,,,,,,,,,,,,,,,,,,,,,,,,,,,,,,,,,,,,,,,,,,,,,,,,,,,,
527,,,,,,,,,,,,,,,,,,,,,,,,,,,,,,,,,,,,,,,,,,,,,,,,,,,,,,
528,,,,,,,,,,,,,,,,,,,,,,,,,,,,,,,,,,,,,,,,,,,,,,,,,,,,,,
529,,,,,,,,,,,,,,,,,,,,,,,,,,,,,,,,,,,,,,,,,,,,,,,,,,,,,,
530,,,,,,,,,,,,,,,,,,,,,,,,,,,,,,,,,,,,,,,,,,,,,,,,,,,,,,
531,,,,,,,,,,,,,,,,,,,,,,,,,,,,,,,,,,,,,,,,,,,,,,,,,,,,,,
532,,,,,,,,,,,,,,,,,,,,,,,,,,,,,,,,,,,,,,,,,,,,,,,,,,,,,,
533,,,,,,,,,,,,,,,,,,,,,,,,,,,,,,,,,,,,,,,,,,,,,,,,,,,,,,
534,,,,,,,,,,,,,,,,,,,,,,,,,,,,,,,,,,,,,,,,,,,,,,,,,,,,,,
535,,,,,,,,,,,,,,,,,,,,,,,,,,,,,,,,,,,,,,,,,,,,,,,,,,,,,,
536,,,,,,,,,,,,,,,,,,,,,,,,,,,,,,,,,,,,,,,,,,,,,,,,,,,,,,
537,,,,,,,,,,,,,,,,,,,,,,,,,,,,,,,,,,,,,,,,,,,,,,,,,,,,,,
538,,,,,,,,,,,,,,,,,,,,,,,,,,,,,,,,,,,,,,,,,,,,,,,,,,,,,,
539,,,,,,,,,,,,,,,,,,,,,,,,,,,,,,,,,,,,,,,,,,,,,,,,,,,,,,
540,,,,,,,,,,,,,,,,,,,,,,,,,,,,,,,,,,,,,,,,,,,,,,,,,,,,,,
541,,,,,,,,,,,,,,,,,,,,,,,,,,,,,,,,,,,,,,,,,,,,,,,,,,,,,,
542,,,,,,,,,,,,,,,,,,,,,,,,,,,,,,,,,,,,,,,,,,,,,,,,,,,,,,
543,,,,,,,,,,,,,,,,,,,,,,,,,,,,,,,,,,,,,,,,,,,,,,,,,,,,,,
544,,,,,,,,,,,,,,,,,,,,,,,,,,,,,,,,,,,,,,,,,,,,,,,,,,,,,,
545,,,,,,,,,,,,,,,,,,,,,,,,,,,,,,,,,,,,,,,,,,,,,,,,,,,,,,
546,,,,,,,,,,,,,,,,,,,,,,,,,,,,,,,,,,,,,,,,,,,,,,,,,,,,,,
547,,,,,,,,,,,,,,,,,,,,,,,,,,,,,,,,,,,,,,,,,,,,,,,,,,,,,,
548,,,,,,,,,,,,,,,,,,,,,,,,,,,,,,,,,,,,,,,,,,,,,,,,,,,,,,
549,,,,,,,,,,,,,,,,,,,,,,,,,,,,,,,,,,,,,,,,,,,,,,,,,,,,,,
550,,,,,,,,,,,,,,,,,,,,,,,,,,,,,,,,,,,,,,,,,,,,,,,,,,,,,,
551,,,,,,,,,,,,,,,,,,,,,,,,,,,,,,,,,,,,,,,,,,,,,,,,,,,,,,
552,,,,,,,,,,,,,,,,,,,,,,,,,,,,,,,,,,,,,,,,,,,,,,,,,,,,,,
553,,,,,,,,,,,,,,,,,,,,,,,,,,,,,,,,,,,,,,,,,,,,,,,,,,,,,,
554,,,,,,,,,,,,,,,,,,,,,,,,,,,,,,,,,,,,,,,,,,,,,,,,,,,,,,
555,,,,,,,,,,,,,,,,,,,,,,,,,,,,,,,,,,,,,,,,,,,,,,,,,,,,,,
556,,,,,,,,,,,,,,,,,,,,,,,,,,,,,,,,,,,,,,,,,,,,,,,,,,,,,,
557,,,,,,,,,,,,,,,,,,,,,,,,,,,,,,,,,,,,,,,,,,,,,,,,,,,,,,
558,,,,,,,,,,,,,,,,,,,,,,,,,,,,,,,,,,,,,,,,,,,,,,,,,,,,,,
559,,,,,,,,,,,,,,,,,,,,,,,,,,,,,,,,,,,,,,,,,,,,,,,,,,,,,,
560,,,,,,,,,,,,,,,,,,,,,,,,,,,,,,,,,,,,,,,,,,,,,,,,,,,,,,
561,,,,,,,,,,,,,,,,,,,,,,,,,,,,,,,,,,,,,,,,,,,,,,,,,,,,,,
562,,,,,,,,,,,,,,,,,,,,,,,,,,,,,,,,,,,,,,,,,,,,,,,,,,,,,,
563,,,,,,,,,,,,,,,,,,,,,,,,,,,,,,,,,,,,,,,,,,,,,,,,,,,,,,
564,,,,,,,,,,,,,,,,,,,,,,,,,,,,,,,,,,,,,,,,,,,,,,,,,,,,,,
565,,,,,,,,,,,,,,,,,,,,,,,,,,,,,,,,,,,,,,,,,,,,,,,,,,,,,,
566,,,,,,,,,,,,,,,,,,,,,,,,,,,,,,,,,,,,,,,,,,,,,,,,,,,,,,
567,,,,,,,,,,,,,,,,,,,,,,,,,,,,,,,,,,,,,,,,,,,,,,,,,,,,,,
568,,,,,,,,,,,,,,,,,,,,,,,,,,,,,,,,,,,,,,,,,,,,,,,,,,,,,,
569,,,,,,,,,,,,,,,,,,,,,,,,,,,,,,,,,,,,,,,,,,,,,,,,,,,,,,
570,,,,,,,,,,,,,,,,,,,,,,,,,,,,,,,,,,,,,,,,,,,,,,,,,,,,,,
571,,,,,,,,,,,,,,,,,,,,,,,,,,,,,,,,,,,,,,,,,,,,,,,,,,,,,,
572,,,,,,,,,,,,,,,,,,,,,,,,,,,,,,,,,,,,,,,,,,,,,,,,,,,,,,
573,,,,,,,,,,,,,,,,,,,,,,,,,,,,,,,,,,,,,,,,,,,,,,,,,,,,,,
574,,,,,,,,,,,,,,,,,,,,,,,,,,,,,,,,,,,,,,,,,,,,,,,,,,,,,,
575,,,,,,,,,,,,,,,,,,,,,,,,,,,,,,,,,,,,,,,,,,,,,,,,,,,,,,
576,,,,,,,,,,,,,,,,,,,,,,,,,,,,,,,,,,,,,,,,,,,,,,,,,,,,,,
577,,,,,,,,,,,,,,,,,,,,,,,,,,,,,,,,,,,,,,,,,,,,,,,,,,,,,,
578,,,,,,,,,,,,,,,,,,,,,,,,,,,,,,,,,,,,,,,,,,,,,,,,,,,,,,
579,,,,,,,,,,,,,,,,,,,,,,,,,,,,,,,,,,,,,,,,,,,,,,,,,,,,,,
580,,,,,,,,,,,,,,,,,,,,,,,,,,,,,,,,,,,,,,,,,,,,,,,,,,,,,,
581,,,,,,,,,,,,,,,,,,,,,,,,,,,,,,,,,,,,,,,,,,,,,,,,,,,,,,
582,507.379,180.375,0.4189999997615814,,,0.0,482.76,178.063,0.9570000171661377,,,0.0,454.136,195.23,0.9739999771118164,499.983,228.121,0.20800000429153442,,,0.0,,,0.0,,,0.0,,,0.0,,,0.0,,,0.0,,,0.0,,,0.0,,,0.0,,,0.0,,,0.0,,,0.0
583,,,,,,,,,,,,,,,,,,,,,,,,,,,,,,,,,,,,,,,,,,,,,,,,,,,,,,
584,,,,,,,,,,,,,,,,,,,,,,,,,,,,,,,,,,,,,,,,,,,,,,,,,,,,,,
585,516.327,195.932,0.7099999785423279,,,0.0,485.623,196.156,0.9919999837875366,,,0.0,461.635,201.532,0.9810000061988831,508.446,236.123,0.49900001287460327,,,0.0,,,0.0,,,0.0,,,0.0,,,0.0,,,0.0,,,0.0,,,0.0,,,0.0,,,0.0,,,0.0,,,0.0
586,516.116,186.565,0.5649999976158142,,,0.0,485.266,194.651,0.9760000109672546,,,0.0,459.901,211.836,0.9860000014305115,508.359,236.135,0.2549999952316284,,,0.0,,,0.0,,,0.0,,,0.0,,,0.0,,,0.0,,,0.0,,,0.0,,,0.0,,,0.0,,,0.0,,,0.0
587,523.657,197.11,0.878000020980835,,,0.0,490.865,198.118,0.9890000224113464,,,0.0,470.195,212.268,0.9589999914169312,516.056,235.804,0.18400000035762787,,,0.0,,,0.0,,,0.0,,,0.0,,,0.0,,,0.0,,,0.0,,,0.0,,,0.0,,,0.0,,,0.0,,,0.0
588,,,0.0,,,0.0,500.298,205.396,0.9710000157356262,,,0.0,477.149,217.66,0.9890000224113464,492.568,236.086,0.12700000405311584,,,0.0,,,0.0,,,0.0,,,0.0,,,0.0,,,0.0,,,0.0,,,0.0,,,0.0,,,0.0,,,0.0,,,0.0
589,,,,,,,,,,,,,,,,,,,,,,,,,,,,,,,,,,,,,,,,,,,,,,,,,,,,,,
590,,,,,,,,,,,,,,,,,,,,,,,,,,,,,,,,,,,,,,,,,,,,,,,,,,,,,,
591,,,,,,,,,,,,,,,,,,,,,,,,,,,,,,,,,,,,,,,,,,,,,,,,,,,,,,
592,,,,,,,,,,,,,,,,,,,,,,,,,,,,,,,,,,,,,,,,,,,,,,,,,,,,,,
593,,,,,,,,,,,,,,,,,,,,,,,,,,,,,,,,,,,,,,,,,,,,,,,,,,,,,,
594,,,0.0,,,0.0,506.873,221.473,0.9760000109672546,,,0.0,482.806,244.168,0.875,532.05,260.066,0.28299999237060547,,,0.0,,,0.0,,,0.0,,,0.0,,,0.0,,,0.0,,,0.0,,,0.0,,,0.0,,,0.0,,,0.0,,,0.0
595,539.685,203.882,0.23999999463558197,,,0.0,505.699,227.979,0.9789999723434448,,,0.0,475.723,253.159,0.7200000286102295,531.52,267.83,0.18700000643730164,,,0.0,,,0.0,,,0.0,,,0.0,,,0.0,,,0.0,,,0.0,,,0.0,,,0.0,,,0.0,,,0.0,,,0.0
596,,,0.0,,,0.0,506.134,228.444,0.9869999885559082,,,0.0,476.021,253.011,0.7910000085830688,524.298,267.653,0.3149999976158142,,,0.0,,,0.0,,,0.0,,,0.0,,,0.0,,,0.0,,,0.0,,,0.0,,,0.0,,,0.0,,,0.0,,,0.0
597,,,,,,,,,,,,,,,,,,,,,,,,,,,,,,,,,,,,,,,,,,,,,,,,,,,,,,
598,,,0.0,,,0.0,506.732,228.357,0.9850000143051147,,,0.0,484.514,252.356,0.8970000147819519,531.467,260.715,0.38499999046325684,,,0.0,,,0.0,,,0.0,,,0.0,,,0.0,,,0.0,,,0.0,,,0.0,,,0.0,,,0.0,,,0.0,,,0.0
599,,,,,,,,,,,,,,,,,,,,,,,,,,,,,,,,,,,,,,,,,,,,,,,,,,,,,,
600,,,,,,,,,,,,,,,,,,,,,,,,,,,,,,,,,,,,,,,,,,,,,,,,,,,,,,
601,,,,,,,,,,,,,,,,,,,,,,,,,,,,,,,,,,,,,,,,,,,,,,,,,,,,,,
602,,,,,,,,,,,,,,,,,,,,,,,,,,,,,,,,,,,,,,,,,,,,,,,,,,,,,,
603,,,,,,,,,,,,,,,,,,,,,,,,,,,,,,,,,,,,,,,,,,,,,,,,,,,,,,
604,,,,,,,,,,,,,,,,,,,,,,,,,,,,,,,,,,,,,,,,,,,,,,,,,,,,,,
605,,,,,,,,,,,,,,,,,,,,,,,,,,,,,,,,,,,,,,,,,,,,,,,,,,,,,,
606,532.568,235.014,0.33000001311302185,,,0.0,491.713,237.11,0.6840000152587891,,,0.0,469.45,252.158,0.9940000176429749,524.627,284.274,0.27399998903274536,,,0.0,,,0.0,,,0.0,,,0.0,,,0.0,,,0.0,,,0.0,,,0.0,,,0.0,,,0.0,,,0.0,,,0.0
607,532.423,244.268,0.30399999022483826,,,0.0,502.03,252.683,0.9750000238418579,,,0.0,475.723,267.658,0.9829999804496765,524.293,283.726,0.12800000607967377,,,0.0,,,0.0,,,0.0,,,0.0,,,0.0,,,0.0,,,0.0,,,0.0,,,0.0,,,0.0,,,0.0,,,0.0
608,539.815,244.221,0.3930000066757202,,,0.0,502.488,253.041,0.9769999980926514,,,0.0,476.038,268.278,0.9860000014305115,524.207,283.849,0.10300000011920929,,,0.0,,,0.0,,,0.0,,,0.0,,,0.0,,,0.0,,,0.0,,,0.0,,,0.0,,,0.0,,,0.0,,,0.0
609,,,,,,,,,,,,,,,,,,,,,,,,,,,,,,,,,,,,,,,,,,,,,,,,,,,,,,
610,,,,,,,,,,,,,,,,,,,,,,,,,,,,,,,,,,,,,,,,,,,,,,,,,,,,,,
611,,,,,,,,,,,,,,,,,,,,,,,,,,,,,,,,,,,,,,,,,,,,,,,,,,,,,,
612,,,,,,,,,,,,,,,,,,,,,,,,,,,,,,,,,,,,,,,,,,,,,,,,,,,,,,
613,,,,,,,,,,,,,,,,,,,,,,,,,,,,,,,,,,,,,,,,,,,,,,,,,,,,,,
614,,,,,,,,,,,,,,,,,,,,,,,,,,,,,,,,,,,,,,,,,,,,,,,,,,,,,,
615,,,,,,,,,,,,,,,,,,,,,,,,,,,,,,,,,,,,,,,,,,,,,,,,,,,,,,
616,,,,,,,,,,,,,,,,,,,,,,,,,,,,,,,,,,,,,,,,,,,,,,,,,,,,,,
617,,,,,,,,,,,,,,,,,,,,,,,,,,,,,,,,,,,,,,,,,,,,,,,,,,,,,,
618,,,,,,,,,,,,,,,,,,,,,,,,,,,,,,,,,,,,,,,,,,,,,,,,,,,,,,
619,,,,,,,,,,,,,,,,,,,,,,,,,,,,,,,,,,,,,,,,,,,,,,,,,,,,,,
620,,,,,,,,,,,,,,,,,,,,,,,,,,,,,,,,,,,,,,,,,,,,,,,,,,,,,,
621,,,,,,,,,,,,,,,,,,,,,,,,,,,,,,,,,,,,,,,,,,,,,,,,,,,,,,
622,,,,,,,,,,,,,,,,,,,,,,,,,,,,,,,,,,,,,,,,,,,,,,,,,,,,,,
623,,,,,,,,,,,,,,,,,,,,,,,,,,,,,,,,,,,,,,,,,,,,,,,,,,,,,,
624,,,,,,,,,,,,,,,,,,,,,,,,,,,,,,,,,,,,,,,,,,,,,,,,,,,,,,
625,,,,,,,,,,,,,,,,,,,,,,,,,,,,,,,,,,,,,,,,,,,,,,,,,,,,,,
626,,,,,,,,,,,,,,,,,,,,,,,,,,,,,,,,,,,,,,,,,,,,,,,,,,,,,,
627,499.621,212.277,0.12099999934434891,,,0.0,468.164,227.965,0.9639999866485596,,,0.0,451.87,255.228,0.9039999842643738,492.484,267.848,0.41499999165534973,,,0.0,,,0.0,,,0.0,,,0.0,,,0.0,,,0.0,,,0.0,,,0.0,,,0.0,,,0.0,,,0.0,,,0.0
628,,,0.0,,,0.0,468.869,227.901,0.972000002861023,,,0.0,451.239,255.251,0.9279999732971191,492.254,267.73,0.17599999904632568,,,0.0,,,0.0,,,0.0,,,0.0,,,0.0,,,0.0,,,0.0,,,0.0,,,0.0,,,0.0,,,0.0,,,0.0
629,,,0.0,,,0.0,474.707,235.535,0.9480000138282776,,,0.0,454.197,254.259,0.9419999718666077,484.669,267.972,0.2280000001192093,,,0.0,,,0.0,,,0.0,,,0.0,,,0.0,,,0.0,,,0.0,,,0.0,,,0.0,,,0.0,,,0.0,,,0.0
630,,,,,,,,,,,,,,,,,,,,,,,,,,,,,,,,,,,,,,,,,,,,,,,,,,,,,,
631,,,,,,,,,,,,,,,,,,,,,,,,,,,,,,,,,,,,,,,,,,,,,,,,,,,,,,
632,,,,,,,,,,,,,,,,,,,,,,,,,,,,,,,,,,,,,,,,,,,,,,,,,,,,,,
633,,,,,,,,,,,,,,,,,,,,,,,,,,,,,,,,,,,,,,,,,,,,,,,,,,,,,,
634,,,,,,,,,,,,,,,,,,,,,,,,,,,,,,,,,,,,,,,,,,,,,,,,,,,,,,
635,,,,,,,,,,,,,,,,,,,,,,,,,,,,,,,,,,,,,,,,,,,,,,,,,,,,,,
636,,,,,,,,,,,,,,,,,,,,,,,,,,,,,,,,,,,,,,,,,,,,,,,,,,,,,,
637,,,,,,,,,,,,,,,,,,,,,,,,,,,,,,,,,,,,,,,,,,,,,,,,,,,,,,
638,,,,,,,,,,,,,,,,,,,,,,,,,,,,,,,,,,,,,,,,,,,,,,,,,,,,,,
639,,,,,,,,,,,,,,,,,,,,,,,,,,,,,,,,,,,,,,,,,,,,,,,,,,,,,,
640,,,,,,,,,,,,,,,,,,,,,,,,,,,,,,,,,,,,,,,,,,,,,,,,,,,,,,
641,,,,,,,,,,,,,,,,,,,,,,,,,,,,,,,,,,,,,,,,,,,,,,,,,,,,,,
642,,,,,,,,,,,,,,,,,,,,,,,,,,,,,,,,,,,,,,,,,,,,,,,,,,,,,,
643,,,,,,,,,,,,,,,,,,,,,,,,,,,,,,,,,,,,,,,,,,,,,,,,,,,,,,
644,,,,,,,,,,,,,,,,,,,,,,,,,,,,,,,,,,,,,,,,,,,,,,,,,,,,,,
645,,,,,,,,,,,,,,,,,,,,,,,,,,,,,,,,,,,,,,,,,,,,,,,,,,,,,,
646,,,,,,,,,,,,,,,,,,,,,,,,,,,,,,,,,,,,,,,,,,,,,,,,,,,,,,
647,,,,,,,,,,,,,,,,,,,,,,,,,,,,,,,,,,,,,,,,,,,,,,,,,,,,,,
648,,,,,,,,,,,,,,,,,,,,,,,,,,,,,,,,,,,,,,,,,,,,,,,,,,,,,,
649,,,,,,,,,,,,,,,,,,,,,,,,,,,,,,,,,,,,,,,,,,,,,,,,,,,,,,
650,,,,,,,,,,,,,,,,,,,,,,,,,,,,,,,,,,,,,,,,,,,,,,,,,,,,,,
651,,,,,,,,,,,,,,,,,,,,,,,,,,,,,,,,,,,,,,,,,,,,,,,,,,,,,,
652,,,,,,,,,,,,,,,,,,,,,,,,,,,,,,,,,,,,,,,,,,,,,,,,,,,,,,
653,,,,,,,,,,,,,,,,,,,,,,,,,,,,,,,,,,,,,,,,,,,,,,,,,,,,,,
654,,,,,,,,,,,,,,,,,,,,,,,,,,,,,,,,,,,,,,,,,,,,,,,,,,,,,,
655,,,,,,,,,,,,,,,,,,,,,,,,,,,,,,,,,,,,,,,,,,,,,,,,,,,,,,
656,,,,,,,,,,,,,,,,,,,,,,,,,,,,,,,,,,,,,,,,,,,,,,,,,,,,,,
657,,,,,,,,,,,,,,,,,,,,,,,,,,,,,,,,,,,,,,,,,,,,,,,,,,,,,,
658,,,,,,,,,,,,,,,,,,,,,,,,,,,,,,,,,,,,,,,,,,,,,,,,,,,,,,
659,,,,,,,,,,,,,,,,,,,,,,,,,,,,,,,,,,,,,,,,,,,,,,,,,,,,,,
660,,,,,,,,,,,,,,,,,,,,,,,,,,,,,,,,,,,,,,,,,,,,,,,,,,,,,,
661,,,,,,,,,,,,,,,,,,,,,,,,,,,,,,,,,,,,,,,,,,,,,,,,,,,,,,
662,,,,,,,,,,,,,,,,,,,,,,,,,,,,,,,,,,,,,,,,,,,,,,,,,,,,,,
663,,,,,,,,,,,,,,,,,,,,,,,,,,,,,,,,,,,,,,,,,,,,,,,,,,,,,,
664,,,,,,,,,,,,,,,,,,,,,,,,,,,,,,,,,,,,,,,,,,,,,,,,,,,,,,
665,,,,,,,,,,,,,,,,,,,,,,,,,,,,,,,,,,,,,,,,,,,,,,,,,,,,,,
666,,,,,,,,,,,,,,,,,,,,,,,,,,,,,,,,,,,,,,,,,,,,,,,,,,,,,,
667,,,,,,,,,,,,,,,,,,,,,,,,,,,,,,,,,,,,,,,,,,,,,,,,,,,,,,
668,,,,,,,,,,,,,,,,,,,,,,,,,,,,,,,,,,,,,,,,,,,,,,,,,,,,,,
669,,,,,,,,,,,,,,,,,,,,,,,,,,,,,,,,,,,,,,,,,,,,,,,,,,,,,,
670,,,,,,,,,,,,,,,,,,,,,,,,,,,,,,,,,,,,,,,,,,,,,,,,,,,,,,
671,,,,,,,,,,,,,,,,,,,,,,,,,,,,,,,,,,,,,,,,,,,,,,,,,,,,,,
672,,,,,,,,,,,,,,,,,,,,,,,,,,,,,,,,,,,,,,,,,,,,,,,,,,,,,,
673,,,,,,,,,,,,,,,,,,,,,,,,,,,,,,,,,,,,,,,,,,,,,,,,,,,,,,
674,,,,,,,,,,,,,,,,,,,,,,,,,,,,,,,,,,,,,,,,,,,,,,,,,,,,,,
675,,,,,,,,,,,,,,,,,,,,,,,,,,,,,,,,,,,,,,,,,,,,,,,,,,,,,,
676,,,,,,,,,,,,,,,,,,,,,,,,,,,,,,,,,,,,,,,,,,,,,,,,,,,,,,
677,,,,,,,,,,,,,,,,,,,,,,,,,,,,,,,,,,,,,,,,,,,,,,,,,,,,,,
678,,,,,,,,,,,,,,,,,,,,,,,,,,,,,,,,,,,,,,,,,,,,,,,,,,,,,,
679,,,,,,,,,,,,,,,,,,,,,,,,,,,,,,,,,,,,,,,,,,,,,,,,,,,,,,
680,,,,,,,,,,,,,,,,,,,,,,,,,,,,,,,,,,,,,,,,,,,,,,,,,,,,,,
681,,,,,,,,,,,,,,,,,,,,,,,,,,,,,,,,,,,,,,,,,,,,,,,,,,,,,,
682,,,,,,,,,,,,,,,,,,,,,,,,,,,,,,,,,,,,,,,,,,,,,,,,,,,,,,
683,,,,,,,,,,,,,,,,,,,,,,,,,,,,,,,,,,,,,,,,,,,,,,,,,,,,,,
684,,,,,,,,,,,,,,,,,,,,,,,,,,,,,,,,,,,,,,,,,,,,,,,,,,,,,,
685,,,,,,,,,,,,,,,,,,,,,,,,,,,,,,,,,,,,,,,,,,,,,,,,,,,,,,
686,,,,,,,,,,,,,,,,,,,,,,,,,,,,,,,,,,,,,,,,,,,,,,,,,,,,,,
687,,,,,,,,,,,,,,,,,,,,,,,,,,,,,,,,,,,,,,,,,,,,,,,,,,,,,,
688,,,,,,,,,,,,,,,,,,,,,,,,,,,,,,,,,,,,,,,,,,,,,,,,,,,,,,
689,,,,,,,,,,,,,,,,,,,,,,,,,,,,,,,,,,,,,,,,,,,,,,,,,,,,,,
690,,,,,,,,,,,,,,,,,,,,,,,,,,,,,,,,,,,,,,,,,,,,,,,,,,,,,,
691,,,,,,,,,,,,,,,,,,,,,,,,,,,,,,,,,,,,,,,,,,,,,,,,,,,,,,
692,,,,,,,,,,,,,,,,,,,,,,,,,,,,,,,,,,,,,,,,,,,,,,,,,,,,,,
693,,,,,,,,,,,,,,,,,,,,,,,,,,,,,,,,,,,,,,,,,,,,,,,,,,,,,,
694,,,,,,,,,,,,,,,,,,,,,,,,,,,,,,,,,,,,,,,,,,,,,,,,,,,,,,
695,,,,,,,,,,,,,,,,,,,,,,,,,,,,,,,,,,,,,,,,,,,,,,,,,,,,,,
696,,,,,,,,,,,,,,,,,,,,,,,,,,,,,,,,,,,,,,,,,,,,,,,,,,,,,,
697,,,,,,,,,,,,,,,,,,,,,,,,,,,,,,,,,,,,,,,,,,,,,,,,,,,,,,
698,,,,,,,,,,,,,,,,,,,,,,,,,,,,,,,,,,,,,,,,,,,,,,,,,,,,,,
699,,,,,,,,,,,,,,,,,,,,,,,,,,,,,,,,,,,,,,,,,,,,,,,,,,,,,,
700,,,,,,,,,,,,,,,,,,,,,,,,,,,,,,,,,,,,,,,,,,,,,,,,,,,,,,
701,,,,,,,,,,,,,,,,,,,,,,,,,,,,,,,,,,,,,,,,,,,,,,,,,,,,,,
702,,,,,,,,,,,,,,,,,,,,,,,,,,,,,,,,,,,,,,,,,,,,,,,,,,,,,,
703,,,,,,,,,,,,,,,,,,,,,,,,,,,,,,,,,,,,,,,,,,,,,,,,,,,,,,
704,,,,,,,,,,,,,,,,,,,,,,,,,,,,,,,,,,,,,,,,,,,,,,,,,,,,,,
705,,,,,,,,,,,,,,,,,,,,,,,,,,,,,,,,,,,,,,,,,,,,,,,,,,,,,,
706,,,,,,,,,,,,,,,,,,,,,,,,,,,,,,,,,,,,,,,,,,,,,,,,,,,,,,
707,,,,,,,,,,,,,,,,,,,,,,,,,,,,,,,,,,,,,,,,,,,,,,,,,,,,,,
708,,,,,,,,,,,,,,,,,,,,,,,,,,,,,,,,,,,,,,,,,,,,,,,,,,,,,,
709,,,,,,,,,,,,,,,,,,,,,,,,,,,,,,,,,,,,,,,,,,,,,,,,,,,,,,
710,,,,,,,,,,,,,,,,,,,,,,,,,,,,,,,,,,,,,,,,,,,,,,,,,,,,,,
711,,,,,,,,,,,,,,,,,,,,,,,,,,,,,,,,,,,,,,,,,,,,,,,,,,,,,,
712,,,,,,,,,,,,,,,,,,,,,,,,,,,,,,,,,,,,,,,,,,,,,,,,,,,,,,
713,,,,,,,,,,,,,,,,,,,,,,,,,,,,,,,,,,,,,,,,,,,,,,,,,,,,,,
714,,,,,,,,,,,,,,,,,,,,,,,,,,,,,,,,,,,,,,,,,,,,,,,,,,,,,,
715,,,,,,,,,,,,,,,,,,,,,,,,,,,,,,,,,,,,,,,,,,,,,,,,,,,,,,
716,,,,,,,,,,,,,,,,,,,,,,,,,,,,,,,,,,,,,,,,,,,,,,,,,,,,,,
717,,,,,,,,,,,,,,,,,,,,,,,,,,,,,,,,,,,,,,,,,,,,,,,,,,,,,,
718,,,,,,,,,,,,,,,,,,,,,,,,,,,,,,,,,,,,,,,,,,,,,,,,,,,,,,
719,,,,,,,,,,,,,,,,,,,,,,,,,,,,,,,,,,,,,,,,,,,,,,,,,,,,,,
720,,,,,,,,,,,,,,,,,,,,,,,,,,,,,,,,,,,,,,,,,,,,,,,,,,,,,,
721,,,,,,,,,,,,,,,,,,,,,,,,,,,,,,,,,,,,,,,,,,,,,,,,,,,,,,
722,,,,,,,,,,,,,,,,,,,,,,,,,,,,,,,,,,,,,,,,,,,,,,,,,,,,,,
723,,,,,,,,,,,,,,,,,,,,,,,,,,,,,,,,,,,,,,,,,,,,,,,,,,,,,,
724,,,,,,,,,,,,,,,,,,,,,,,,,,,,,,,,,,,,,,,,,,,,,,,,,,,,,,
725,,,,,,,,,,,,,,,,,,,,,,,,,,,,,,,,,,,,,,,,,,,,,,,,,,,,,,
726,,,,,,,,,,,,,,,,,,,,,,,,,,,,,,,,,,,,,,,,,,,,,,,,,,,,,,
727,,,,,,,,,,,,,,,,,,,,,,,,,,,,,,,,,,,,,,,,,,,,,,,,,,,,,,
728,,,,,,,,,,,,,,,,,,,,,,,,,,,,,,,,,,,,,,,,,,,,,,,,,,,,,,
729,,,,,,,,,,,,,,,,,,,,,,,,,,,,,,,,,,,,,,,,,,,,,,,,,,,,,,
730,,,,,,,,,,,,,,,,,,,,,,,,,,,,,,,,,,,,,,,,,,,,,,,,,,,,,,
731,,,,,,,,,,,,,,,,,,,,,,,,,,,,,,,,,,,,,,,,,,,,,,,,,,,,,,
732,,,,,,,,,,,,,,,,,,,,,,,,,,,,,,,,,,,,,,,,,,,,,,,,,,,,,,
733,,,,,,,,,,,,,,,,,,,,,,,,,,,,,,,,,,,,,,,,,,,,,,,,,,,,,,
734,,,,,,,,,,,,,,,,,,,,,,,,,,,,,,,,,,,,,,,,,,,,,,,,,,,,,,
735,,,,,,,,,,,,,,,,,,,,,,,,,,,,,,,,,,,,,,,,,,,,,,,,,,,,,,
736,,,,,,,,,,,,,,,,,,,,,,,,,,,,,,,,,,,,,,,,,,,,,,,,,,,,,,
737,,,,,,,,,,,,,,,,,,,,,,,,,,,,,,,,,,,,,,,,,,,,,,,,,,,,,,
738,,,,,,,,,,,,,,,,,,,,,,,,,,,,,,,,,,,,,,,,,,,,,,,,,,,,,,
739,,,,,,,,,,,,,,,,,,,,,,,,,,,,,,,,,,,,,,,,,,,,,,,,,,,,,,
740,,,,,,,,,,,,,,,,,,,,,,,,,,,,,,,,,,,,,,,,,,,,,,,,,,,,,,
741,,,,,,,,,,,,,,,,,,,,,,,,,,,,,,,,,,,,,,,,,,,,,,,,,,,,,,
742,,,,,,,,,,,,,,,,,,,,,,,,,,,,,,,,,,,,,,,,,,,,,,,,,,,,,,
743,,,,,,,,,,,,,,,,,,,,,,,,,,,,,,,,,,,,,,,,,,,,,,,,,,,,,,
744,,,,,,,,,,,,,,,,,,,,,,,,,,,,,,,,,,,,,,,,,,,,,,,,,,,,,,
745,,,,,,,,,,,,,,,,,,,,,,,,,,,,,,,,,,,,,,,,,,,,,,,,,,,,,,
746,,,,,,,,,,,,,,,,,,,,,,,,,,,,,,,,,,,,,,,,,,,,,,,,,,,,,,
747,,,,,,,,,,,,,,,,,,,,,,,,,,,,,,,,,,,,,,,,,,,,,,,,,,,,,,
748,,,,,,,,,,,,,,,,,,,,,,,,,,,,,,,,,,,,,,,,,,,,,,,,,,,,,,
749,,,,,,,,,,,,,,,,,,,,,,,,,,,,,,,,,,,,,,,,,,,,,,,,,,,,,,
750,,,,,,,,,,,,,,,,,,,,,,,,,,,,,,,,,,,,,,,,,,,,,,,,,,,,,,
751,,,,,,,,,,,,,,,,,,,,,,,,,,,,,,,,,,,,,,,,,,,,,,,,,,,,,,
752,,,,,,,,,,,,,,,,,,,,,,,,,,,,,,,,,,,,,,,,,,,,,,,,,,,,,,
753,499.906,341.111,1.0,,,0.0,435.18,366.161,1.0,,,0.0,418.959,392.549,1.0,492.278,380.229,0.12399999797344208,,,0.0,,,0.0,,,0.0,,,0.0,,,0.0,,,0.0,,,0.0,,,0.0,,,0.0,,,0.0,,,0.0,,,0.0
754,500.718,344.091,0.9990000128746033,,,0.0,433.504,369.414,0.9990000128746033,,,0.0,414.541,394.219,0.9990000128746033,492.628,381.097,0.17599999904632568,,,0.0,,,0.0,,,0.0,,,0.0,,,0.0,,,0.0,,,0.0,,,0.0,,,0.0,,,0.0,,,0.0,,,0.0
755,503.076,334.927,0.9990000128746033,411.992,292.062,0.19599999487400055,,,0.0,,,0.0,,,0.0,,,0.0,340.065,347.559,0.1589999943971634,539.038,380.945,0.14499999582767487,,,0.0,,,0.0,,,0.0,,,0.0,,,0.0,,,0.0,,,0.0,,,0.0,,,0.0,,,0.0
756,,,,,,,,,,,,,,,,,,,,,,,,,,,,,,,,,,,,,,,,,,,,,,,,,,,,,,
757,504.97,316.126,0.996999979019165,,,0.0,443.913,346.753,0.9890000224113464,,,0.0,423.566,370.227,1.0,523.938,356.111,0.8190000057220459,339.992,340.232,0.2290000021457672,,,0.0,,,0.0,,,0.0,,,0.0,,,0.0,,,0.0,,,0.0,,,0.0,,,0.0,,,0.0,,,0.0
758,506.481,308.113,1.0,,,0.0,452.65,334.189,0.9980000257492065,,,0.0,427.861,362.47,0.9990000128746033,529.598,354.852,0.9760000109672546,,,0.0,,,0.0,,,0.0,,,0.0,,,0.0,,,0.0,,,0.0,,,0.0,,,0.0,,,0.0,,,0.0,,,0.0
759,505.705,300.988,0.9990000128746033,,,0.0,458.778,332.546,0.9900000095367432,,,0.0,433.805,356.115,0.9990000128746033,532.278,340.761,0.9639999866485596,427.882,308.191,0.10700000077486038,,,0.0,,,0.0,,,0.0,,,0.0,,,0.0,,,0.0,,,0.0,,,0.0,,,0.0,,,0.0,,,0.0
760,507.722,303.008,0.9990000128746033,,,0.0,453.815,333.556,0.9890000224113464,,,0.0,430.146,358.701,0.9990000128746033,533.356,347.997,0.9919999837875366,,,0.0,,,0.0,,,0.0,,,0.0,,,0.0,,,0.0,,,0.0,,,0.0,,,0.0,,,0.0,,,0.0,,,0.0
761,514.424,294.09,0.9990000128746033,,,0.0,452.83,322.208,0.9929999709129333,,,0.0,440.087,346.783,0.9990000128746033,533.477,338.582,0.9900000095367432,,,0.0,,,0.0,,,0.0,,,0.0,,,0.0,,,0.0,,,0.0,,,0.0,,,0.0,,,0.0,,,0.0,,,0.0
762,517.961,286.497,1.0,,,0.0,455.029,318.211,1.0,,,0.0,440.092,344.025,1.0,539.779,347.911,0.7799999713897705,,,0.0,,,0.0,,,0.0,,,0.0,,,0.0,,,0.0,,,0.0,,,0.0,,,0.0,,,0.0,,,0.0,,,0.0
763,521.021,282.474,0.9980000257492065,,,0.0,460.236,314.054,0.9980000257492065,,,0.0,442.907,340.554,1.0,540.311,356.227,0.7990000247955322,,,0.0,,,0.0,,,0.0,,,0.0,,,0.0,,,0.0,,,0.0,,,0.0,,,0.0,,,0.0,,,0.0,,,0.0
764,522.787,276.353,0.9990000128746033,,,0.0,461.085,310.993,0.9990000128746033,,,0.0,444.406,338.544,1.0,547.677,363.608,0.6050000190734863,,,0.0,,,0.0,,,0.0,,,0.0,,,0.0,,,0.0,,,0.0,,,0.0,,,0.0,,,0.0,,,0.0,,,0.0
765,529.108,272.737,0.9990000128746033,,,0.0,465.541,306.602,0.9990000128746033,,,0.0,451.452,336.389,1.0,564.179,363.762,0.22499999403953552,,,0.0,564.565,347.767,0.2919999957084656,,,0.0,,,0.0,492.052,412.053,0.16500000655651093,,,0.0,,,0.0,,,0.0,,,0.0,,,0.0,,,0.0,,,0.0
766,528.208,276.303,0.9980000257492065,,,0.0,461.867,309.753,0.9980000257492065,,,0.0,449.145,336.588,1.0,547.846,363.823,0.18400000035762787,,,0.0,,,0.0,,,0.0,,,0.0,,,0.0,,,0.0,,,0.0,,,0.0,,,0.0,,,0.0,,,0.0,,,0.0
767,,,0.0,,,0.0,468.365,304.582,0.9980000257492065,,,0.0,455.658,333.948,1.0,,,0.0,,,0.0,,,0.0,,,0.0,,,0.0,507.962,412.099,0.38100001215934753,,,0.0,,,0.0,,,0.0,,,0.0,,,0.0,,,0.0,,,0.0
768,,,0.0,,,0.0,470.143,303.299,0.9860000014305115,,,0.0,457.621,332.56,1.0,,,0.0,,,0.0,,,0.0,,,0.0,,,0.0,508.021,412.011,0.2759999930858612,,,0.0,,,0.0,,,0.0,,,0.0,,,0.0,,,0.0,,,0.0
769,538.215,267.938,0.9990000128746033,,,0.0,477.198,301.308,0.9909999966621399,,,0.0,460.588,329.975,1.0,587.975,348.1,0.3140000104904175,,,0.0,,,0.0,,,0.0,,,0.0,491.982,419.697,0.19900000095367432,,,0.0,,,0.0,,,0.0,,,0.0,,,0.0,,,0.0,,,0.0
770,539.991,263.343,0.9990000128746033,,,0.0,478.145,301.451,0.9890000224113464,,,0.0,465.281,329.876,0.9990000128746033,572.035,339.928,0.13199999928474426,,,0.0,,,0.0,,,0.0,,,0.0,491.943,412.077,0.10999999940395355,,,0.0,,,0.0,,,0.0,,,0.0,,,0.0,,,0.0,,,0.0
771,539.051,262.155,1.0,,,0.0,481.598,301.604,0.9869999885559082,,,0.0,464.625,329.698,0.9990000128746033,571.999,339.801,0.6150000095367432,,,0.0,,,0.0,,,0.0,,,0.0,,,0.0,,,0.0,,,0.0,,,0.0,,,0.0,,,0.0,,,0.0,,,0.0
772,539.789,263.049,0.9990000128746033,,,0.0,481.421,301.687,0.9890000224113464,,,0.0,465.129,329.865,1.0,572.058,339.998,0.12800000607967377,,,0.0,,,0.0,,,0.0,,,0.0,,,0.0,,,0.0,,,0.0,,,0.0,,,0.0,,,0.0,,,0.0,,,0.0
773,537.956,267.971,0.9990000128746033,,,0.0,478.213,302.318,0.996999979019165,,,0.0,462.022,329.948,1.0,566.748,348.125,0.75,,,0.0,555.592,323.967,0.20499999821186066,,,0.0,,,0.0,,,0.0,,,0.0,,,0.0,,,0.0,,,0.0,,,0.0,,,0.0,,,0.0
774,533.605,270.231,1.0,,,0.0,476.457,308.037,0.9779999852180481,,,0.0,466.296,338.487,0.9980000257492065,566.901,355.032,0.9179999828338623,,,0.0,555.575,324.45,0.27300000190734863,,,0.0,,,0.0,,,0.0,,,0.0,,,0.0,,,0.0,,,0.0,,,0.0,,,0.0,,,0.0
775,531.379,273.075,0.9990000128746033,,,0.0,,,0.0,,,0.0,,,0.0,565.115,355.206,0.8939999938011169,,,0.0,555.618,331.08,0.19200000166893005,,,0.0,,,0.0,,,0.0,,,0.0,,,0.0,,,0.0,,,0.0,,,0.0,,,0.0,,,0.0
776,521.881,275.358,0.9990000128746033,,,0.0,,,0.0,,,0.0,,,0.0,556.052,363.419,0.7260000109672546,,,0.0,539.502,316.86,0.5839999914169312,,,0.0,,,0.0,,,0.0,,,0.0,,,0.0,,,0.0,,,0.0,,,0.0,,,0.0,,,0.0
